--
-- PostgreSQL database dump
--

-- Dumped from database version 15.4 (Debian 15.4-1.pgdg120+1)
-- Dumped by pg_dump version 15.4 (Debian 15.4-1.pgdg120+1)

SET statement_timeout = 0;
SET lock_timeout = 0;
SET idle_in_transaction_session_timeout = 0;
SET client_encoding = 'UTF8';
SET standard_conforming_strings = on;
SELECT pg_catalog.set_config('search_path', '', false);
SET check_function_bodies = false;
SET xmloption = content;
SET client_min_messages = warning;
SET row_security = off;

SET default_tablespace = '';

SET default_table_access_method = heap;

--
-- Name: auth_group; Type: TABLE; Schema: public; Owner: postgres
--

CREATE TABLE public.auth_group (
    id integer NOT NULL,
    name character varying(150) NOT NULL
);


ALTER TABLE public.auth_group OWNER TO postgres;

--
-- Name: auth_group_id_seq; Type: SEQUENCE; Schema: public; Owner: postgres
--

ALTER TABLE public.auth_group ALTER COLUMN id ADD GENERATED BY DEFAULT AS IDENTITY (
    SEQUENCE NAME public.auth_group_id_seq
    START WITH 1
    INCREMENT BY 1
    NO MINVALUE
    NO MAXVALUE
    CACHE 1
);


--
-- Name: auth_group_permissions; Type: TABLE; Schema: public; Owner: postgres
--

CREATE TABLE public.auth_group_permissions (
    id bigint NOT NULL,
    group_id integer NOT NULL,
    permission_id integer NOT NULL
);


ALTER TABLE public.auth_group_permissions OWNER TO postgres;

--
-- Name: auth_group_permissions_id_seq; Type: SEQUENCE; Schema: public; Owner: postgres
--

ALTER TABLE public.auth_group_permissions ALTER COLUMN id ADD GENERATED BY DEFAULT AS IDENTITY (
    SEQUENCE NAME public.auth_group_permissions_id_seq
    START WITH 1
    INCREMENT BY 1
    NO MINVALUE
    NO MAXVALUE
    CACHE 1
);


--
-- Name: auth_permission; Type: TABLE; Schema: public; Owner: postgres
--

CREATE TABLE public.auth_permission (
    id integer NOT NULL,
    name character varying(255) NOT NULL,
    content_type_id integer NOT NULL,
    codename character varying(100) NOT NULL
);


ALTER TABLE public.auth_permission OWNER TO postgres;

--
-- Name: auth_permission_id_seq; Type: SEQUENCE; Schema: public; Owner: postgres
--

ALTER TABLE public.auth_permission ALTER COLUMN id ADD GENERATED BY DEFAULT AS IDENTITY (
    SEQUENCE NAME public.auth_permission_id_seq
    START WITH 1
    INCREMENT BY 1
    NO MINVALUE
    NO MAXVALUE
    CACHE 1
);


--
-- Name: django_admin_log; Type: TABLE; Schema: public; Owner: postgres
--

CREATE TABLE public.django_admin_log (
    id integer NOT NULL,
    action_time timestamp with time zone NOT NULL,
    object_id text,
    object_repr character varying(200) NOT NULL,
    action_flag smallint NOT NULL,
    change_message text NOT NULL,
    content_type_id integer,
    user_id integer NOT NULL,
    CONSTRAINT django_admin_log_action_flag_check CHECK ((action_flag >= 0))
);


ALTER TABLE public.django_admin_log OWNER TO postgres;

--
-- Name: django_admin_log_id_seq; Type: SEQUENCE; Schema: public; Owner: postgres
--

ALTER TABLE public.django_admin_log ALTER COLUMN id ADD GENERATED BY DEFAULT AS IDENTITY (
    SEQUENCE NAME public.django_admin_log_id_seq
    START WITH 1
    INCREMENT BY 1
    NO MINVALUE
    NO MAXVALUE
    CACHE 1
);


--
-- Name: django_content_type; Type: TABLE; Schema: public; Owner: postgres
--

CREATE TABLE public.django_content_type (
    id integer NOT NULL,
    app_label character varying(100) NOT NULL,
    model character varying(100) NOT NULL
);


ALTER TABLE public.django_content_type OWNER TO postgres;

--
-- Name: django_content_type_id_seq; Type: SEQUENCE; Schema: public; Owner: postgres
--

ALTER TABLE public.django_content_type ALTER COLUMN id ADD GENERATED BY DEFAULT AS IDENTITY (
    SEQUENCE NAME public.django_content_type_id_seq
    START WITH 1
    INCREMENT BY 1
    NO MINVALUE
    NO MAXVALUE
    CACHE 1
);


--
-- Name: django_migrations; Type: TABLE; Schema: public; Owner: postgres
--

CREATE TABLE public.django_migrations (
    id bigint NOT NULL,
    app character varying(255) NOT NULL,
    name character varying(255) NOT NULL,
    applied timestamp with time zone NOT NULL
);


ALTER TABLE public.django_migrations OWNER TO postgres;

--
-- Name: django_migrations_id_seq; Type: SEQUENCE; Schema: public; Owner: postgres
--

ALTER TABLE public.django_migrations ALTER COLUMN id ADD GENERATED BY DEFAULT AS IDENTITY (
    SEQUENCE NAME public.django_migrations_id_seq
    START WITH 1
    INCREMENT BY 1
    NO MINVALUE
    NO MAXVALUE
    CACHE 1
);


--
-- Name: django_session; Type: TABLE; Schema: public; Owner: postgres
--

CREATE TABLE public.django_session (
    session_key character varying(40) NOT NULL,
    session_data text NOT NULL,
    expire_date timestamp with time zone NOT NULL
);


ALTER TABLE public.django_session OWNER TO postgres;

--
-- Name: marketplace_author; Type: TABLE; Schema: public; Owner: postgres
--

CREATE TABLE public.marketplace_author (
    id bigint NOT NULL,
    first_name character varying(50) NOT NULL,
    second_name character varying(50) NOT NULL,
    patronymic character varying(50)
);


ALTER TABLE public.marketplace_author OWNER TO postgres;

--
-- Name: marketplace_author_id_seq; Type: SEQUENCE; Schema: public; Owner: postgres
--

ALTER TABLE public.marketplace_author ALTER COLUMN id ADD GENERATED BY DEFAULT AS IDENTITY (
    SEQUENCE NAME public.marketplace_author_id_seq
    START WITH 1
    INCREMENT BY 1
    NO MINVALUE
    NO MAXVALUE
    CACHE 1
);


--
-- Name: marketplace_book; Type: TABLE; Schema: public; Owner: postgres
--

CREATE TABLE public.marketplace_book (
    id bigint NOT NULL,
    title character varying(100) NOT NULL,
    description text NOT NULL,
    image character varying(100) NOT NULL,
    file character varying(500) NOT NULL,
    price numeric(10,2) NOT NULL,
    count_pages integer NOT NULL,
    age_restriction integer,
    author_id bigint NOT NULL,
    genre_id bigint NOT NULL,
    language_id bigint NOT NULL,
    avatar character varying(100)
);


ALTER TABLE public.marketplace_book OWNER TO postgres;

--
-- Name: marketplace_book_id_seq; Type: SEQUENCE; Schema: public; Owner: postgres
--

ALTER TABLE public.marketplace_book ALTER COLUMN id ADD GENERATED BY DEFAULT AS IDENTITY (
    SEQUENCE NAME public.marketplace_book_id_seq
    START WITH 1
    INCREMENT BY 1
    NO MINVALUE
    NO MAXVALUE
    CACHE 1
);


--
-- Name: marketplace_deleblemodel; Type: TABLE; Schema: public; Owner: postgres
--

CREATE TABLE public.marketplace_deleblemodel (
    book_ptr_id bigint NOT NULL,
    delete boolean NOT NULL
);


ALTER TABLE public.marketplace_deleblemodel OWNER TO postgres;

--
-- Name: marketplace_genre; Type: TABLE; Schema: public; Owner: postgres
--

CREATE TABLE public.marketplace_genre (
    id bigint NOT NULL,
    name character varying(20) NOT NULL
);


ALTER TABLE public.marketplace_genre OWNER TO postgres;

--
-- Name: marketplace_genre_id_seq; Type: SEQUENCE; Schema: public; Owner: postgres
--

ALTER TABLE public.marketplace_genre ALTER COLUMN id ADD GENERATED BY DEFAULT AS IDENTITY (
    SEQUENCE NAME public.marketplace_genre_id_seq
    START WITH 1
    INCREMENT BY 1
    NO MINVALUE
    NO MAXVALUE
    CACHE 1
);


--
-- Name: marketplace_language; Type: TABLE; Schema: public; Owner: postgres
--

CREATE TABLE public.marketplace_language (
    id bigint NOT NULL,
    name character varying(20) NOT NULL
);


ALTER TABLE public.marketplace_language OWNER TO postgres;

--
-- Name: marketplace_language_id_seq; Type: SEQUENCE; Schema: public; Owner: postgres
--

ALTER TABLE public.marketplace_language ALTER COLUMN id ADD GENERATED BY DEFAULT AS IDENTITY (
    SEQUENCE NAME public.marketplace_language_id_seq
    START WITH 1
    INCREMENT BY 1
    NO MINVALUE
    NO MAXVALUE
    CACHE 1
);


--
-- Name: myBooks_booktransfer; Type: TABLE; Schema: public; Owner: postgres
--

CREATE TABLE public."myBooks_booktransfer" (
    id bigint NOT NULL,
    transferred_at timestamp with time zone NOT NULL,
    returned_at timestamp with time zone,
    status character varying(20) NOT NULL,
    book_id bigint NOT NULL,
    giver_user_id integer NOT NULL,
    receiver_user_id integer NOT NULL
);


ALTER TABLE public."myBooks_booktransfer" OWNER TO postgres;

--
-- Name: myBooks_booktransfer_id_seq; Type: SEQUENCE; Schema: public; Owner: postgres
--

ALTER TABLE public."myBooks_booktransfer" ALTER COLUMN id ADD GENERATED BY DEFAULT AS IDENTITY (
    SEQUENCE NAME public."myBooks_booktransfer_id_seq"
    START WITH 1
    INCREMENT BY 1
    NO MINVALUE
    NO MAXVALUE
    CACHE 1
);


--
-- Name: myBooks_notification; Type: TABLE; Schema: public; Owner: postgres
--

CREATE TABLE public."myBooks_notification" (
    id bigint NOT NULL,
    message text NOT NULL,
    type character varying(10) NOT NULL,
    read boolean NOT NULL,
    created_at timestamp with time zone NOT NULL,
    recipient_id integer NOT NULL
);


ALTER TABLE public."myBooks_notification" OWNER TO postgres;

--
-- Name: myBooks_notification_id_seq; Type: SEQUENCE; Schema: public; Owner: postgres
--

ALTER TABLE public."myBooks_notification" ALTER COLUMN id ADD GENERATED BY DEFAULT AS IDENTITY (
    SEQUENCE NAME public."myBooks_notification_id_seq"
    START WITH 1
    INCREMENT BY 1
    NO MINVALUE
    NO MAXVALUE
    CACHE 1
);


--
-- Name: myBooks_userbook; Type: TABLE; Schema: public; Owner: postgres
--

CREATE TABLE public."myBooks_userbook" (
    id bigint NOT NULL,
    book_id bigint NOT NULL,
    user_id integer NOT NULL,
    added_at timestamp with time zone NOT NULL
);


ALTER TABLE public."myBooks_userbook" OWNER TO postgres;

--
-- Name: myBooks_userbook_id_seq; Type: SEQUENCE; Schema: public; Owner: postgres
--

ALTER TABLE public."myBooks_userbook" ALTER COLUMN id ADD GENERATED BY DEFAULT AS IDENTITY (
    SEQUENCE NAME public."myBooks_userbook_id_seq"
    START WITH 1
    INCREMENT BY 1
    NO MINVALUE
    NO MAXVALUE
    CACHE 1
);


--
-- Name: myBooks_wishbook; Type: TABLE; Schema: public; Owner: postgres
--

CREATE TABLE public."myBooks_wishbook" (
    id bigint NOT NULL,
    added_at timestamp with time zone NOT NULL,
    book_id bigint NOT NULL,
    user_id integer NOT NULL
);


ALTER TABLE public."myBooks_wishbook" OWNER TO postgres;

--
-- Name: myBooks_wishbook_id_seq; Type: SEQUENCE; Schema: public; Owner: postgres
--

ALTER TABLE public."myBooks_wishbook" ALTER COLUMN id ADD GENERATED BY DEFAULT AS IDENTITY (
    SEQUENCE NAME public."myBooks_wishbook_id_seq"
    START WITH 1
    INCREMENT BY 1
    NO MINVALUE
    NO MAXVALUE
    CACHE 1
);


--
-- Name: otp_static_staticdevice; Type: TABLE; Schema: public; Owner: postgres
--

CREATE TABLE public.otp_static_staticdevice (
    id integer NOT NULL,
    name character varying(64) NOT NULL,
    confirmed boolean NOT NULL,
    user_id integer NOT NULL,
    throttling_failure_count integer NOT NULL,
    throttling_failure_timestamp timestamp with time zone,
    created_at timestamp with time zone,
    last_used_at timestamp with time zone,
    CONSTRAINT otp_static_staticdevice_throttling_failure_count_check CHECK ((throttling_failure_count >= 0))
);


ALTER TABLE public.otp_static_staticdevice OWNER TO postgres;

--
-- Name: otp_static_staticdevice_id_seq; Type: SEQUENCE; Schema: public; Owner: postgres
--

ALTER TABLE public.otp_static_staticdevice ALTER COLUMN id ADD GENERATED BY DEFAULT AS IDENTITY (
    SEQUENCE NAME public.otp_static_staticdevice_id_seq
    START WITH 1
    INCREMENT BY 1
    NO MINVALUE
    NO MAXVALUE
    CACHE 1
);


--
-- Name: otp_static_statictoken; Type: TABLE; Schema: public; Owner: postgres
--

CREATE TABLE public.otp_static_statictoken (
    id integer NOT NULL,
    token character varying(16) NOT NULL,
    device_id integer NOT NULL
);


ALTER TABLE public.otp_static_statictoken OWNER TO postgres;

--
-- Name: otp_static_statictoken_id_seq; Type: SEQUENCE; Schema: public; Owner: postgres
--

ALTER TABLE public.otp_static_statictoken ALTER COLUMN id ADD GENERATED BY DEFAULT AS IDENTITY (
    SEQUENCE NAME public.otp_static_statictoken_id_seq
    START WITH 1
    INCREMENT BY 1
    NO MINVALUE
    NO MAXVALUE
    CACHE 1
);


--
-- Name: otp_totp_totpdevice; Type: TABLE; Schema: public; Owner: postgres
--

CREATE TABLE public.otp_totp_totpdevice (
    id integer NOT NULL,
    name character varying(64) NOT NULL,
    confirmed boolean NOT NULL,
    key character varying(80) NOT NULL,
    step smallint NOT NULL,
    t0 bigint NOT NULL,
    digits smallint NOT NULL,
    tolerance smallint NOT NULL,
    drift smallint NOT NULL,
    last_t bigint NOT NULL,
    user_id integer NOT NULL,
    throttling_failure_count integer NOT NULL,
    throttling_failure_timestamp timestamp with time zone,
    created_at timestamp with time zone,
    last_used_at timestamp with time zone,
    CONSTRAINT otp_totp_totpdevice_digits_check CHECK ((digits >= 0)),
    CONSTRAINT otp_totp_totpdevice_step_check CHECK ((step >= 0)),
    CONSTRAINT otp_totp_totpdevice_throttling_failure_count_check CHECK ((throttling_failure_count >= 0)),
    CONSTRAINT otp_totp_totpdevice_tolerance_check CHECK ((tolerance >= 0))
);


ALTER TABLE public.otp_totp_totpdevice OWNER TO postgres;

--
-- Name: otp_totp_totpdevice_id_seq; Type: SEQUENCE; Schema: public; Owner: postgres
--

ALTER TABLE public.otp_totp_totpdevice ALTER COLUMN id ADD GENERATED BY DEFAULT AS IDENTITY (
    SEQUENCE NAME public.otp_totp_totpdevice_id_seq
    START WITH 1
    INCREMENT BY 1
    NO MINVALUE
    NO MAXVALUE
    CACHE 1
);


--
-- Name: token_blacklist_blacklistedtoken; Type: TABLE; Schema: public; Owner: postgres
--

CREATE TABLE public.token_blacklist_blacklistedtoken (
    id bigint NOT NULL,
    blacklisted_at timestamp with time zone NOT NULL,
    token_id bigint NOT NULL
);


ALTER TABLE public.token_blacklist_blacklistedtoken OWNER TO postgres;

--
-- Name: token_blacklist_blacklistedtoken_id_seq; Type: SEQUENCE; Schema: public; Owner: postgres
--

ALTER TABLE public.token_blacklist_blacklistedtoken ALTER COLUMN id ADD GENERATED BY DEFAULT AS IDENTITY (
    SEQUENCE NAME public.token_blacklist_blacklistedtoken_id_seq
    START WITH 1
    INCREMENT BY 1
    NO MINVALUE
    NO MAXVALUE
    CACHE 1
);


--
-- Name: token_blacklist_outstandingtoken; Type: TABLE; Schema: public; Owner: postgres
--

CREATE TABLE public.token_blacklist_outstandingtoken (
    id bigint NOT NULL,
    token text NOT NULL,
    created_at timestamp with time zone,
    expires_at timestamp with time zone NOT NULL,
    user_id integer,
    jti character varying(255) NOT NULL
);


ALTER TABLE public.token_blacklist_outstandingtoken OWNER TO postgres;

--
-- Name: token_blacklist_outstandingtoken_id_seq; Type: SEQUENCE; Schema: public; Owner: postgres
--

ALTER TABLE public.token_blacklist_outstandingtoken ALTER COLUMN id ADD GENERATED BY DEFAULT AS IDENTITY (
    SEQUENCE NAME public.token_blacklist_outstandingtoken_id_seq
    START WITH 1
    INCREMENT BY 1
    NO MINVALUE
    NO MAXVALUE
    CACHE 1
);


--
-- Name: users_user; Type: TABLE; Schema: public; Owner: postgres
--

CREATE TABLE public.users_user (
    password character varying(128) NOT NULL,
    last_login timestamp with time zone,
    is_superuser boolean NOT NULL,
    id integer NOT NULL,
    email character varying(100) NOT NULL,
    first_name character varying(50) NOT NULL,
    second_name character varying(50) NOT NULL,
    patronymic character varying(50) NOT NULL,
    is_active boolean NOT NULL,
    is_staff boolean NOT NULL,
    otp character varying(6),
    otp_created_at timestamp with time zone,
    totp_secret character varying(100)
);


ALTER TABLE public.users_user OWNER TO postgres;

--
-- Name: users_user_groups; Type: TABLE; Schema: public; Owner: postgres
--

CREATE TABLE public.users_user_groups (
    id bigint NOT NULL,
    user_id integer NOT NULL,
    group_id integer NOT NULL
);


ALTER TABLE public.users_user_groups OWNER TO postgres;

--
-- Name: users_user_groups_id_seq; Type: SEQUENCE; Schema: public; Owner: postgres
--

ALTER TABLE public.users_user_groups ALTER COLUMN id ADD GENERATED BY DEFAULT AS IDENTITY (
    SEQUENCE NAME public.users_user_groups_id_seq
    START WITH 1
    INCREMENT BY 1
    NO MINVALUE
    NO MAXVALUE
    CACHE 1
);


--
-- Name: users_user_id_seq; Type: SEQUENCE; Schema: public; Owner: postgres
--

ALTER TABLE public.users_user ALTER COLUMN id ADD GENERATED BY DEFAULT AS IDENTITY (
    SEQUENCE NAME public.users_user_id_seq
    START WITH 1
    INCREMENT BY 1
    NO MINVALUE
    NO MAXVALUE
    CACHE 1
);


--
-- Name: users_user_user_permissions; Type: TABLE; Schema: public; Owner: postgres
--

CREATE TABLE public.users_user_user_permissions (
    id bigint NOT NULL,
    user_id integer NOT NULL,
    permission_id integer NOT NULL
);


ALTER TABLE public.users_user_user_permissions OWNER TO postgres;

--
-- Name: users_user_user_permissions_id_seq; Type: SEQUENCE; Schema: public; Owner: postgres
--

ALTER TABLE public.users_user_user_permissions ALTER COLUMN id ADD GENERATED BY DEFAULT AS IDENTITY (
    SEQUENCE NAME public.users_user_user_permissions_id_seq
    START WITH 1
    INCREMENT BY 1
    NO MINVALUE
    NO MAXVALUE
    CACHE 1
);


--
-- Name: users_usertoken; Type: TABLE; Schema: public; Owner: postgres
--

CREATE TABLE public.users_usertoken (
    id bigint NOT NULL,
    token text NOT NULL,
    user_id integer NOT NULL
);


ALTER TABLE public.users_usertoken OWNER TO postgres;

--
-- Name: users_usertoken_id_seq; Type: SEQUENCE; Schema: public; Owner: postgres
--

ALTER TABLE public.users_usertoken ALTER COLUMN id ADD GENERATED BY DEFAULT AS IDENTITY (
    SEQUENCE NAME public.users_usertoken_id_seq
    START WITH 1
    INCREMENT BY 1
    NO MINVALUE
    NO MAXVALUE
    CACHE 1
);


--
-- Data for Name: auth_group; Type: TABLE DATA; Schema: public; Owner: postgres
--

COPY public.auth_group (id, name) FROM stdin;
\.


--
-- Data for Name: auth_group_permissions; Type: TABLE DATA; Schema: public; Owner: postgres
--

COPY public.auth_group_permissions (id, group_id, permission_id) FROM stdin;
\.


--
-- Data for Name: auth_permission; Type: TABLE DATA; Schema: public; Owner: postgres
--

COPY public.auth_permission (id, name, content_type_id, codename) FROM stdin;
1	Can add log entry	1	add_logentry
2	Can change log entry	1	change_logentry
3	Can delete log entry	1	delete_logentry
4	Can view log entry	1	view_logentry
5	Can add permission	2	add_permission
6	Can change permission	2	change_permission
7	Can delete permission	2	delete_permission
8	Can view permission	2	view_permission
9	Can add group	3	add_group
10	Can change group	3	change_group
11	Can delete group	3	delete_group
12	Can view group	3	view_group
13	Can add content type	4	add_contenttype
14	Can change content type	4	change_contenttype
15	Can delete content type	4	delete_contenttype
16	Can view content type	4	view_contenttype
17	Can add session	5	add_session
18	Can change session	5	change_session
19	Can delete session	5	delete_session
20	Can view session	5	view_session
21	Can add author	6	add_author
22	Can change author	6	change_author
23	Can delete author	6	delete_author
24	Can view author	6	view_author
25	Can add book	7	add_book
26	Can change book	7	change_book
27	Can delete book	7	delete_book
28	Can view book	7	view_book
29	Can add genre	8	add_genre
30	Can change genre	8	change_genre
31	Can delete genre	8	delete_genre
32	Can view genre	8	view_genre
33	Can add language	9	add_language
34	Can change language	9	change_language
35	Can delete language	9	delete_language
36	Can view language	9	view_language
37	Can add deleble model	10	add_deleblemodel
38	Can change deleble model	10	change_deleblemodel
39	Can delete deleble model	10	delete_deleblemodel
40	Can view deleble model	10	view_deleblemodel
41	Can add user book	11	add_userbook
42	Can change user book	11	change_userbook
43	Can delete user book	11	delete_userbook
44	Can view user book	11	view_userbook
45	Can add user	12	add_user
46	Can change user	12	change_user
47	Can delete user	12	delete_user
48	Can view user	12	view_user
49	Can add blacklisted token	13	add_blacklistedtoken
50	Can change blacklisted token	13	change_blacklistedtoken
51	Can delete blacklisted token	13	delete_blacklistedtoken
52	Can view blacklisted token	13	view_blacklistedtoken
53	Can add user token	14	add_usertoken
54	Can change user token	14	change_usertoken
55	Can delete user token	14	delete_usertoken
56	Can view user token	14	view_usertoken
57	Can add book transfer	15	add_booktransfer
58	Can change book transfer	15	change_booktransfer
59	Can delete book transfer	15	delete_booktransfer
60	Can view book transfer	15	view_booktransfer
61	Can add static device	16	add_staticdevice
62	Can change static device	16	change_staticdevice
63	Can delete static device	16	delete_staticdevice
64	Can view static device	16	view_staticdevice
65	Can add static token	17	add_statictoken
66	Can change static token	17	change_statictoken
67	Can delete static token	17	delete_statictoken
68	Can view static token	17	view_statictoken
69	Can add TOTP device	18	add_totpdevice
70	Can change TOTP device	18	change_totpdevice
71	Can delete TOTP device	18	delete_totpdevice
72	Can view TOTP device	18	view_totpdevice
73	Can add blacklisted token	19	add_blacklistedtoken
74	Can change blacklisted token	19	change_blacklistedtoken
75	Can delete blacklisted token	19	delete_blacklistedtoken
76	Can view blacklisted token	19	view_blacklistedtoken
77	Can add outstanding token	20	add_outstandingtoken
78	Can change outstanding token	20	change_outstandingtoken
79	Can delete outstanding token	20	delete_outstandingtoken
80	Can view outstanding token	20	view_outstandingtoken
81	Can add wish book	21	add_wishbook
82	Can change wish book	21	change_wishbook
83	Can delete wish book	21	delete_wishbook
84	Can view wish book	21	view_wishbook
85	Can add notification	22	add_notification
86	Can change notification	22	change_notification
87	Can delete notification	22	delete_notification
88	Can view notification	22	view_notification
\.


--
-- Data for Name: django_admin_log; Type: TABLE DATA; Schema: public; Owner: postgres
--

COPY public.django_admin_log (id, action_time, object_id, object_repr, action_flag, change_message, content_type_id, user_id) FROM stdin;
1	2024-01-26 18:00:42.164415+03	1	Language object (1)	1	[{"added": {}}]	9	3
2	2024-01-26 18:02:39.777234+03	1	Genre object (1)	1	[{"added": {}}]	8	3
3	2024-01-26 18:04:00.625392+03	1	Author object (1)	1	[{"added": {}}]	6	3
4	2024-01-26 18:05:00.164137+03	1	Book object (1)	1	[{"added": {}}]	7	3
5	2024-02-24 10:06:26.341361+03	2	Book object (2)	1	[{"added": {}}]	7	3
6	2024-02-24 10:34:22.132288+03	1	╨Ь╨╕╨│╨╡╨╗╤М ╨Ф╨╡ ╨б╨╡╤А╨▓╨░╨╜╤В╨╡╤Б	2	[{"changed": {"fields": ["First name", "Second name", "Patronymic"]}}]	6	3
7	2024-04-26 16:37:14.633881+03	2	╨е╨╛╤Б╨╡ ╨Р╨╜╤В╨╛╨╜╨╕╨╛ ╨Р╤А╨╛	1	[{"added": {}}]	6	3
8	2024-04-26 16:39:11.260101+03	2	IT-╨╗╨╕╤В╨╡╤А╨░╤В╤Г╤А╨░	1	[{"added": {}}]	8	3
9	2024-04-26 16:40:01.281282+03	3	Book object (3)	1	[{"added": {}}]	7	3
10	2024-04-26 17:05:32.270981+03	3	Book object (3)	2	[{"changed": {"fields": ["Description"]}}]	7	3
11	2024-04-30 09:43:50.916584+03	3	Book object (3)	2	[{"changed": {"fields": ["Description"]}}]	7	3
12	2024-05-06 01:19:05.357447+03	3	mudrypingvin50@gmail.com	2	[{"changed": {"fields": ["First name", "Second name", "Patronymic"]}}]	12	3
13	2024-05-06 01:30:00.875948+03	3	╨Ф╨░╨╜╨╕╤Н╨╗╤М ╨Ф╨╡ ╤Д╨╛	1	[{"added": {}}]	6	3
14	2024-05-06 01:30:09.723235+03	1	Book object (1)	2	[{"changed": {"fields": ["Title", "Description", "Image", "File", "Price", "Count pages", "Age restriction", "Author"]}}]	7	3
15	2024-05-08 02:34:25.304421+03	1	Book object (1)	2	[]	7	3
16	2024-05-08 02:34:45.450913+03	1	Book object (1)	2	[]	7	3
17	2024-05-08 02:44:55.550489+03	1	Book object (1)	2	[{"changed": {"fields": ["Age restriction"]}}]	7	3
18	2024-05-08 02:51:40.651505+03	1	Book object (1)	2	[{"changed": {"fields": ["Age restriction"]}}]	7	3
19	2024-05-08 02:53:15.547412+03	2	Book object (2)	2	[{"changed": {"fields": ["File", "Age restriction"]}}]	7	3
20	2024-05-08 02:53:25.605299+03	3	Book object (3)	2	[{"changed": {"fields": ["Age restriction"]}}]	7	3
21	2024-05-08 03:06:12.327242+03	1	Book object (1)	2	[{"changed": {"fields": ["Age restriction"]}}]	7	3
22	2024-05-08 03:11:59.419402+03	3	Book object (3)	2	[{"changed": {"fields": ["Age restriction"]}}]	7	3
23	2024-05-08 03:12:06.498801+03	2	Book object (2)	2	[{"changed": {"fields": ["Age restriction"]}}]	7	3
24	2024-05-08 16:41:12.423984+03	3	╨д╨░╨╜╤В╨░╤Б╤В╨╕╨║╨░	1	[{"added": {}}]	8	3
25	2024-05-08 16:44:53.058773+03	4	Book object (4)	1	[{"added": {}}]	7	3
26	2024-05-08 16:45:38.341858+03	4	╨Р╨╣╨╖╨╡╨║ ╨Р╨╖╨╕╨╝╨╛╨▓ None	1	[{"added": {}}]	6	3
27	2024-05-08 16:45:42.979905+03	4	Book object (4)	2	[{"changed": {"fields": ["Author"]}}]	7	3
28	2024-05-12 01:22:07.113844+03	1	Book object (1)	2	[{"changed": {"fields": ["Avatar"]}}]	7	3
29	2024-05-12 01:22:24.093033+03	2	Book object (2)	2	[{"changed": {"fields": ["Avatar"]}}]	7	3
30	2024-05-12 01:23:39.701709+03	4	Book object (4)	2	[{"changed": {"fields": ["Avatar"]}}]	7	3
31	2024-05-12 01:27:16.597399+03	4	╨н╨┐╨╛╤Б	1	[{"added": {}}]	8	3
32	2024-05-12 01:27:57.691301+03	5	╨У╤Г╤Б╤В╨░╨▓ ╨и╨▓╨░╨▒ None	1	[{"added": {}}]	6	3
33	2024-05-12 01:29:18.371485+03	2	╨Р╨╜╨│╨╗╨╕╨╣╤Б╨║╨╕╨╣	1	[{"added": {}}]	9	3
34	2024-05-12 01:31:15.747917+03	5	╨У╤Г╤Б╤В╨░╨▓ ╨С╨╡╨╜╤М╤П╨╝╨╕╨╜ ╨и╨▓╨░╨▒	2	[{"changed": {"fields": ["Second name", "Patronymic"]}}]	6	3
35	2024-05-12 01:31:18.985119+03	5	Book object (5)	1	[{"added": {}}]	7	3
36	2024-05-12 02:06:10.4181+03	6	╨д╨╡╨┤╨╛╤А ╨Ф╨╛╤Б╤В╨╛╨╡╨▓╤Б╨║╨╕╨╣ ╨Ь╨╕╤Е╨░╨╣╨╗╨╛╨▓╨╕╤З	1	[{"added": {}}]	6	3
37	2024-05-12 02:07:12.371299+03	6	Book object (6)	1	[{"added": {}}]	7	3
38	2024-05-12 02:07:51.428367+03	6	╨д╨╡╨┤╨╛╤А ╨Ь╨╕╤Е╨░╨╣╨╗╨╛╨▓╨╕╤З ╨Ф╨╛╤Б╤В╨╛╨╡╨▓╤Б╨║╨╕╨╣	2	[{"changed": {"fields": ["Second name", "Patronymic"]}}]	6	3
39	2024-05-12 02:08:07.306178+03	6	Book object (6)	2	[{"changed": {"fields": ["Description"]}}]	7	3
40	2024-05-12 02:40:15.728033+03	6	Book object (6)	2	[{"changed": {"fields": ["Image"]}}]	7	3
\.


--
-- Data for Name: django_content_type; Type: TABLE DATA; Schema: public; Owner: postgres
--

COPY public.django_content_type (id, app_label, model) FROM stdin;
1	admin	logentry
2	auth	permission
3	auth	group
4	contenttypes	contenttype
5	sessions	session
6	marketplace	author
7	marketplace	book
8	marketplace	genre
9	marketplace	language
10	marketplace	deleblemodel
11	myBooks	userbook
12	users	user
13	users	blacklistedtoken
14	users	usertoken
15	myBooks	booktransfer
16	otp_static	staticdevice
17	otp_static	statictoken
18	otp_totp	totpdevice
19	token_blacklist	blacklistedtoken
20	token_blacklist	outstandingtoken
21	myBooks	wishbook
22	myBooks	notification
\.


--
-- Data for Name: django_migrations; Type: TABLE DATA; Schema: public; Owner: postgres
--

COPY public.django_migrations (id, app, name, applied) FROM stdin;
1	contenttypes	0001_initial	2023-08-22 01:32:59.241439+03
2	contenttypes	0002_remove_content_type_name	2023-08-22 01:32:59.256516+03
3	auth	0001_initial	2023-08-22 01:32:59.365898+03
4	auth	0002_alter_permission_name_max_length	2023-08-22 01:32:59.378643+03
5	auth	0003_alter_user_email_max_length	2023-08-22 01:32:59.390599+03
6	auth	0004_alter_user_username_opts	2023-08-22 01:32:59.404747+03
7	auth	0005_alter_user_last_login_null	2023-08-22 01:32:59.418578+03
8	auth	0006_require_contenttypes_0002	2023-08-22 01:32:59.425324+03
9	auth	0007_alter_validators_add_error_messages	2023-08-22 01:32:59.437617+03
10	auth	0008_alter_user_username_max_length	2023-08-22 01:32:59.453333+03
11	auth	0009_alter_user_last_name_max_length	2023-08-22 01:32:59.46771+03
12	auth	0010_alter_group_name_max_length	2023-08-22 01:32:59.482737+03
13	auth	0011_update_proxy_permissions	2023-08-22 01:32:59.496557+03
14	auth	0012_alter_user_first_name_max_length	2023-08-22 01:32:59.510924+03
15	users	0001_initial	2023-08-22 01:32:59.61825+03
16	admin	0001_initial	2023-08-22 01:32:59.669533+03
17	admin	0002_logentry_remove_auto_add	2023-08-22 01:32:59.687048+03
18	admin	0003_logentry_add_action_flag_choices	2023-08-22 01:32:59.704273+03
19	marketplace	0001_initial	2023-08-22 01:32:59.814497+03
20	myBooks	0001_initial	2023-08-22 01:32:59.846941+03
21	myBooks	0002_initial	2023-08-22 01:32:59.882973+03
22	sessions	0001_initial	2023-08-22 01:32:59.956732+03
23	users	0002_blacklistedtoken	2024-01-27 19:23:02.748832+03
24	users	0003_usertoken	2024-01-27 19:52:14.607525+03
25	myBooks	0003_booktransfer	2024-01-31 17:24:41.21575+03
26	marketplace	0002_alter_book_image	2024-02-14 15:57:49.902661+03
27	marketplace	0003_alter_book_file	2024-04-22 22:41:11.414816+03
28	otp_static	0001_initial	2024-04-22 22:41:11.543646+03
29	otp_static	0002_throttling	2024-04-22 22:41:11.588757+03
30	otp_static	0003_add_timestamps	2024-04-22 22:41:11.626178+03
31	otp_totp	0001_initial	2024-04-22 22:41:11.680583+03
32	otp_totp	0002_auto_20190420_0723	2024-04-22 22:41:11.723043+03
33	otp_totp	0003_add_timestamps	2024-04-22 22:41:11.766595+03
34	users	0004_user_otp_user_otp_created_at	2024-04-22 22:41:11.809856+03
35	users	0005_user_totp_secret	2024-04-24 00:45:25.442463+03
36	token_blacklist	0001_initial	2024-04-26 17:17:56.98578+03
37	token_blacklist	0002_outstandingtoken_jti_hex	2024-04-26 17:17:57.013146+03
38	token_blacklist	0003_auto_20171017_2007	2024-04-26 17:17:57.04836+03
39	token_blacklist	0004_auto_20171017_2013	2024-04-26 17:17:57.091634+03
40	token_blacklist	0005_remove_outstandingtoken_jti	2024-04-26 17:17:57.120866+03
41	token_blacklist	0006_auto_20171017_2113	2024-04-26 17:17:57.149767+03
42	token_blacklist	0007_auto_20171017_2214	2024-04-26 17:17:57.224511+03
43	token_blacklist	0008_migrate_to_bigautofield	2024-04-26 17:17:57.341441+03
44	token_blacklist	0010_fix_migrate_to_bigautofield	2024-04-26 17:17:57.382475+03
45	token_blacklist	0011_linearizes_history	2024-04-26 17:17:57.389683+03
46	token_blacklist	0012_alter_outstandingtoken_user	2024-04-26 17:17:57.42078+03
47	users	0006_delete_blacklistedtoken	2024-04-26 17:33:54.947994+03
48	myBooks	0004_alter_userbook_unique_together	2024-05-01 16:30:22.291339+03
49	marketplace	0004_alter_book_age_restriction	2024-05-08 02:33:48.8022+03
50	marketplace	0005_alter_book_age_restriction	2024-05-08 02:55:00.035092+03
51	marketplace	0006_alter_book_age_restriction	2024-05-08 02:56:04.413963+03
52	myBooks	0005_userbook_added_at_wishbook	2024-05-08 16:24:35.715017+03
53	marketplace	0007_alter_author_patronymic	2024-05-08 16:43:38.970519+03
54	myBooks	0006_notification	2024-05-09 03:02:33.090673+03
55	marketplace	0008_book_avatar	2024-05-12 01:21:02.03423+03
\.


--
-- Data for Name: django_session; Type: TABLE DATA; Schema: public; Owner: postgres
--

COPY public.django_session (session_key, session_data, expire_date) FROM stdin;
o2e1q58aftxmosymdetcaz3kto37rx8m	.eJxVjMEOwiAQRP-FsyEbYBE8evcbyC5LpWpoUtqT8d9tkx70OPPezFslWpea1l7mNIq6KKtOvx1Tfpa2A3lQu086T22ZR9a7og_a9W2S8roe7t9BpV63dZCBMBcE69gY6wRiZvIFtwTBniVQiBlABu8iZINiHVqOBhBZvKjPF-QON5U:1rTLaT:Nq4nx630KfJ9WI_FDWYFfPevs4ihZxCw52xjMAeZmQs	2024-02-09 15:45:37.676386+03
2cp43ai4d3pxeeb9pyykll8550g9xdfk	.eJxVjMEOwiAQRP-FsyEbYBE8evcbyC5LpWpoUtqT8d9tkx70OPPezFslWpea1l7mNIq6KKtOvx1Tfpa2A3lQu086T22ZR9a7og_a9W2S8roe7t9BpV63dZCBMBcE69gY6wRiZvIFtwTBniVQiBlABu8iZINiHVqOBhBZvKjPF-QON5U:1rYxyy:Jdsj1Ije68jRTefLAilcTuvHcTSCe90iRrzWLO_Xm9g	2024-02-25 03:46:08.143336+03
cmyc7l9xs04gs5kldd7l624zy7cgx8br	.eJxVjMEOwiAQRP-FsyEbYBE8evcbyC5LpWpoUtqT8d9tkx70OPPezFslWpea1l7mNIq6KKtOvx1Tfpa2A3lQu086T22ZR9a7og_a9W2S8roe7t9BpV63dZCBMBcE69gY6wRiZvIFtwTBniVQiBlABu8iZINiHVqOBhBZvKjPF-QON5U:1rh8jw:sSeN5LD-RfYgW6sMc5hsE6hZZrloQMjHlJt_TIjwTJw	2024-03-18 16:52:24.355451+03
pv02pw70forzdmglw9pjuzmrqnww8vo8	.eJxVjMEOwiAQRP-FsyEbYBE8evcbyC5LpWpoUtqT8d9tkx70OPPezFslWpea1l7mNIq6KKtOvx1Tfpa2A3lQu086T22ZR9a7og_a9W2S8roe7t9BpV63dZCBMBcE69gY6wRiZvIFtwTBniVQiBlABu8iZINiHVqOBhBZvKjPF-QON5U:1ryzZX:k11xJVCtsFr_79CKdkFSY3G0V8ZaJXIBkqe1XN71PE0	2024-05-06 22:43:27.660905+03
9u2x46p7otwc3ht0ntv6z23k7m1q3jer	.eJxVjMEOwiAQRP-FsyEbYBE8evcbyC5LpWpoUtqT8d9tkx70OPPezFslWpea1l7mNIq6KKtOvx1Tfpa2A3lQu086T22ZR9a7og_a9W2S8roe7t9BpV63dZCBMBcE69gY6wRiZvIFtwTBniVQiBlABu8iZINiHVqOBhBZvKjPF-QON5U:1s4UA3:fhUqWcDGjlZndgxQHDCVZg6P4oB2cP5dG3f3viiug_Q	2024-05-22 02:23:51.937909+03
f6u8o0zgpl2x6k0db3dtqz4mvmmu1fkn	.eJxVjMEOwiAQRP-FsyEbYBE8evcbyC5LpWpoUtqT8d9tkx70OPPezFslWpea1l7mNIq6KKtOvx1Tfpa2A3lQu086T22ZR9a7og_a9W2S8roe7t9BpV63dZCBMBcE69gY6wRiZvIFtwTBniVQiBlABu8iZINiHVqOBhBZvKjPF-QON5U:1sBOJ1:9oP8Pa5_si85Kglp7IW9iIHlTc0zkUQGqz4pcehkmsk	2024-06-10 03:33:39.501086+03
\.


--
-- Data for Name: marketplace_author; Type: TABLE DATA; Schema: public; Owner: postgres
--

COPY public.marketplace_author (id, first_name, second_name, patronymic) FROM stdin;
1	╨Ь╨╕╨│╨╡╨╗╤М	╨Ф╨╡	╨б╨╡╤А╨▓╨░╨╜╤В╨╡╤Б
2	╨е╨╛╤Б╨╡	╨Р╨╜╤В╨╛╨╜╨╕╨╛	╨Р╤А╨╛
3	╨Ф╨░╨╜╨╕╤Н╨╗╤М	╨Ф╨╡	╤Д╨╛
4	╨Р╨╣╨╖╨╡╨║	╨Р╨╖╨╕╨╝╨╛╨▓	\N
5	╨У╤Г╤Б╤В╨░╨▓	╨С╨╡╨╜╤М╤П╨╝╨╕╨╜	╨и╨▓╨░╨▒
6	╨д╨╡╨┤╨╛╤А	╨Ь╨╕╤Е╨░╨╣╨╗╨╛╨▓╨╕╤З	╨Ф╨╛╤Б╤В╨╛╨╡╨▓╤Б╨║╨╕╨╣
\.


--
-- Data for Name: marketplace_book; Type: TABLE DATA; Schema: public; Owner: postgres
--

COPY public.marketplace_book (id, title, description, image, file, price, count_pages, age_restriction, author_id, genre_id, language_id, avatar) FROM stdin;
3	╨Ь╨╕╨║╤А╨╛╤Б╨╡╤А╨▓╨╕╤Б╤Л ╨╕ API	╨Я╤А╨╛╤Б╤В╤Л╨╡ ╨╕ ╨┐╨╛╨╜╤П╤В╨╜╤Л╨╡ API тАФ ╨╜╨╡╨╛╨▒╤Е╨╛╨┤╨╕╨╝╨╛╨╡ ╤Г╤Б╨╗╨╛╨▓╨╕╨╡ ╤Г╤Б╨┐╨╡╤Е╨░ ╨╝╨╕╨║╤А╨╛╤Б╨╡╤А╨▓╨╕╤Б╨╜╤Л╤Е ╨┐╤А╨╕╨╗╨╛╨╢╨╡╨╜╨╕╨╣.  ╨Я╨╛╨╖╨╜╨░╨║╨╛╨╝╤М╤В╨╡╤Б╤М ╤Б ╨┐╨░╤В╤В╨╡╤А╨╜╨░╨╝╨╕, ╨┐╤А╨╛╤В╨╛╨║╨╛╨╗╨░╨╝╨╕ ╨╕ ╤Б╤В╤А╨░╤В╨╡╨│╨╕╤П╨╝╨╕, ╨║╨╛╤В╨╛╤А╤Л╨╡ ╨┐╨╛╨╝╨╛╨│╤Г╤В ╨▓╨░╨╝ ╨┐╤А╨╛╨╡╨║╤В╨╕╤А╨╛╨▓╨░╤В╤М, ╤А╨╡╨░╨╗╨╕╨╖╨╛╨▓╤Л╨▓╨░╤В╤М ╨╕ ╤А╨░╨╖╨▓╨╡╤А╤В╤Л╨▓╨░╤В╤М ╤Н╤Д╤Д╨╡╨║╤В╨╕╨▓╨╜╤Л╨╡ ╨╝╨╕╨║╤А╨╛╤Б╨╡╤А╨▓╨╕╤Б╤Л ╤Б REST ╨╕ GraphQL API.	books/╨╛╨▒╨╗╨╛╨╢╨║╨░.jpg	https://drive.google.com/file/d/1lxgPF5TJDuruT8jA_eSuKdZ9X99UxwaD/view?usp=drive_link	300.00	468	12	2	2	1	\N
1	╨а╨╛╨▒╨╕╨╜╨╖╨╛╨╜ ╨Ъ╤А╤Г╨╖╨╛	╨а╨╛╨▒╨╕╨╜╨╖╨╛╨╜ ╨Ъ╤А╤Г╨╖╨╛, ╨╝╨╛╨╗╨╛╨┤╨╛╨╣ ╨╕ ╨╗╨╡╨│╨║╨╛╨╝╤Л╤Б╨╗╨╡╨╜╨╜╤Л╨╣, ╨┐╨╛╤Б╨╗╨╡ ╨║╨╛╤А╨░╨▒╨╗╨╡╨║╤А╤Г╤И╨╡╨╜╨╕╤П ╨╛╨║╨░╨╖╤Л╨▓╨░╨╡╤В╤Б╤П ╨╜╨░ ╨╜╨╡╨╛╨▒╨╕╤В╨░╨╡╨╝╨╛╨╝ ╨╛╤Б╤В╤А╨╛╨▓╨╡ ╨▓ ╨┐╨╛╨╗╨╜╨╛╨╝ ╨╛╨┤╨╕╨╜╨╛╤З╨╡╤Б╤В╨▓╨╡. ╨Ю╨╜ ╨╛╤Б╨▓╨░╨╕╨▓╨░╨╡╤В ╨╜╨╛╨▓╤Л╨╣ ╨╝╨╕╤А, ╨▒╨╗╨░╨│╨╛╨┤╨░╤А╤П ╤Г╨┐╨╛╤А╤Б╤В╨▓╤Г ╨╕ ╤В╤А╤Г╨┤╨╛╨╗╤О╨▒╨╕╤О ╤Г╤З╨╕╤В╤Б╤П ╨╛╨▒╨╡╤Б╨┐╨╡╤З╨╕╨▓╨░╤В╤М ╤Б╨╡╨▒╤П ╨╜╨╡╨╛╨▒╤Е╨╛╨┤╨╕╨╝╤Л╨╝ ╨╕ ╨╜╨╡╤Г╤В╨╛╨╝╨╕╨╝╨╛ ╨╕╤Й╨╡╤В ╨┐╤Г╤В╨╕ ╨║ ╤Б╨┐╨░╤Б╨╡╨╜╨╕╤О.	books/RobinsonCrusoe.jpg	https://drive.google.com/file/d/1lxgPF5TJDuruT8jA_eSuKdZ9X99UxwaD/view?usp=drive_link	200.00	230	6	3	1	1	avatars/DanielDefoe.jpg
2	╨Ф╨╛╨╜ ╨Ъ╨╕╤Е╨╛╤В	╨Ш╤Б╤В╨╛╤А╨╕╤П ╨╛╨▒ ╨Р╨╗╨╛╨╜╤Б╨╛ ╨Ъ╨╕╤Е╨░╨╜╨╛, ╨╢╨╕╤В╨╡╨╗╨╡ ╨╜╨╡╨║╨╛╨╡╨│╨╛ ╤Б╨╡╨╗╨░ ╨▓ ╨╖╨░╤Е╨╛╨╗╤Г╤Б╤В╨╜╨╛╨╣ ╨╕╤Б╨┐╨░╨╜╤Б╨║╨╛╨╣ ╨┐╤А╨╛╨▓╨╕╨╜╤Ж╨╕╨╕ ╨Ы╨░-╨Ь╨░╨╜╤З╨░, ╨║╨╛╤В╨╛╤А╤Л╨╣ ╨▓╨╛╨╛╨▒╤А╨░╨╢╨░╨╡╤В ╤Б╨╡╨▒╤П ╤Б╤В╤А╨░╨╜╤Б╤В╨▓╤Г╤О╤Й╨╕╨╝ ╤А╤Л╤Ж╨░╤А╨╡╨╝, ╨▒╨╡╤Б╤Б╨╝╨╡╤А╤В╨╜╨░, ╨░ ╨╕╨╝╤П ╨Ф╨╛╨╜ ╨Ъ╨╕╤Е╨╛╤В ╤Б╤В╨░╨╗╨╛ ╤Б╨▓╨╛╨╡╨│╨╛ ╤А╨╛╨┤╨░ ╨╝╨╡╤А╨╕╨╗╨╛╨╝ ╨╛╤Ж╨╡╨╜╨║╨╕ ╤З╨╡╨╗╨╛╨▓╨╡╤З╨╡╤Б╨║╨╕╤Е ╨┐╨╛╤Б╤В╤Г╨┐╨║╨╛╨▓.	books/Don_Quixote.jpg	https://drive.google.com/file/d/1lxgPF5TJDuruT8jA_eSuKdZ9X99UxwaD/view?usp=drive_link	200.00	300	16	1	1	1	avatars/migel-de-servantes.jpg
4	╨Т╨╡╨╗╨╕╨║╨╕╨╡ ╨╜╨░╤Г╤З╨╜╨╛-╤Д╨░╨╜╤В╨░╤Б╤В╨╕╤З╨╡╤Б╨║╨╕╨╡ ╤А╨░╤Б╤Б╨║╨░╨╖╤Л 1939	╨г╨╜╨╕╨║╨░╨╗╤М╨╜╨░╤П ╨▓ ╤Б╨▓╨╛╨╡╨╝ ╨╝╨╜╨╛╨│╨╛╨╛╨▒╤А╨░╨╖╨╕╨╕ ╨░╨╜╤В╨╛╨╗╨╛╨│╨╕╤П ╤А╨░╤Б╤Б╨║╨░╨╖╨╛╨▓, ╨╛╨┐╤Г╨▒╨╗╨╕╨║╨╛╨▓╨░╨╜╨╜╤Л╤Е ╨┐╨╛╨┤ ╤А╨╡╨┤╨░╨║╤Ж╨╕╨╡╨╣ ╨▓╨╡╨╗╨╕╨║╨╕╤Е ╨Р╨╣╨╖╨╡╨║╨░ ╨Р╨╖╨╕╨╝╨╛╨▓╨░ ╨╕ ╨Ь╨░╤А╤В╨╕╨╜╨░ ╨У╤А╨╕╨╜╨▒╨╡╤А╨│╨░, ╨▓╨║╨╗╤О╤З╨░╤О╤Й╨╕╨╡ ╨▓ ╤Б╨╡╨▒╤П ╤А╨░╤Б╤Б╨║╨░╨╖╤Л, ╨▓╤Л╤И╨╡╨┤╤И╨╕╨╡ ╨▓ 1939 ╨│╨╛╨┤╤Г	books/dWSf7kun-ipad.jpeg	https://drive.google.com/file/d/1lxgPF5TJDuruT8jA_eSuKdZ9X99UxwaD/view?usp=drive_link	400.00	573	16	4	3	1	avatars/Isaac_Asimov.jpg
5	╨Ь╨╕╤Д╤Л ╨╕ ╨┐╤А╨╕╤В╤З╨╕ ╨║╨╗╨░╤Б╤Б╨╕╤З╨╡╤Б╨║╨╛╨╣ ╨┤╤А╨╡╨▓╨╜╨╛╤Б╤В╨╕	╨Т ╨╜╨░╤Б╤В╨╛╤П╤Й╨╡╨╡ ╨╕╨╖╨┤╨░╨╜╨╕╨╡ ╨▓╨║╨╗╤О╤З╨╡╨╜╤Л ╨╜╨░╨╕╨▒╨╛╨╗╨╡╨╡ ╨┐╨╛╨┐╤Г╨╗╤П╤А╨╜╤Л╨╡ ╨░╨╜╤В╨╕╤З╨╜╤Л╨╡ ╨╝╨╕╤Д╤Л, ╨╕╨╖╨╗╨╛╨╢╨╡╨╜╨╜╤Л╨╡ ╨┐╨╛╤Н╤В╨╛╨╝-╤А╨╛╨╝╨░╨╜╤В╨╕╨║╨╛╨╝, ╨░ ╤В╨░╨║╨╢╨╡ ╤А╤П╨┤ ╨┐╤А╨╛╨╕╨╖╨▓╨╡╨┤╨╡╨╜╨╕╨╣ ╤Д╤А╨░╨╜╤Ж╤Г╨╖╤Б╨║╨╛╨│╨╛ ╨╕ ╨╜╨╡╨╝╨╡╤Ж╨║╨╛╨│╨╛ ╤Н╨┐╨╛╤Б╨╛╨▓ ╨▓ ╨╗╨╕╤В╨╡╤А╨░╤В╤Г╤А╨╜╨╛╨╣ ╨╛╨▒╤А╨░╨▒╨╛╤В╨║╨╡ ╨┐╨╕╤Б╨░╤В╨╡╨╗╤П.	books/AncientGreekMythos.jpg	https://drive.google.com/file/d/1lxgPF5TJDuruT8jA_eSuKdZ9X99UxwaD/view?usp=drive_link	800.00	456	12	5	4	2	avatars/GustavSchwab.jpg
6	╨Я╤А╨╡╤Б╤В╤Г╨┐╨╗╨╡╨╜╨╕╨╡ ╨╕ ╨╜╨░╨║╨░╨╖╨░╨╜╨╕╨╡	╨н╤В╨╛ ╨│╨╗╤Г╨▒╨╛╨║╨╕╨╣ ╤Д╨╕╨╗╨╛╤Б╨╛╤Д╤Б╨║╨╕╨╣ ╤А╨╛╨╝╨░╨╜, ╤В╨╛╨╜╨║╨░╤П ╨┐╤Б╨╕╤Е╨╛╨╗╨╛╨│╨╕╤З╨╡╤Б╨║╨░╤П ╨┤╤А╨░╨╝╨░, ╨╖╨░╤Е╨▓╨░╤В╤Л╨▓╨░╤О╤Й╨╕╨╣ ╨┤╨╡╤В╨╡╨║╤В╨╕╨▓ ╨╕ ╨▓╨╡╨╗╨╕╤З╨╡╤Б╤В╨▓╨╡╨╜╨╜╨░╤П ╨║╨░╤А╤В╨╕╨╜╨░ ╨╝╤А╨░╤З╨╜╨╛╨│╨╛ ╨│╨╛╤А╨╛╨┤╨░, ╨▓ ╨╜╨╡╨┤╤А╨░╤Е ╨║╨╛╤В╨╛╤А╨╛╨│╨╛ ╨│╨╡╤А╨╛╨╕ ╨│╤А╨╡╤И╨░╤В ╨╕ ╨╕╤Й╤Г╤В ╨┐╤А╨╛╤Й╨╡╨╜╨╕╤П, ╨╢╨╡╤А╤В╨▓╤Г╤О╤В ╤Б╨╛╨▒╨╛╨╣ ╨╕ ╨╛╤В╤А╨╡╨║╨░╤О╤В╤Б╤П ╨╛╤В ╤Б╨╡╨▒╤П ╤А╨░╨┤╨╕ ╨▒╨╗╨╕╨╢╨╜╨╕╤Е ╨╕ ╨╜╨░╤Е╨╛╨┤╤П╤В ╤Г╤Б╨┐╨╛╨║╨╛╨╡╨╜╨╕╨╡ ╨▓ ╤Б╨╝╨╕╤А╨╡╨╜╨╕╨╕, ╨┐╨╛╨║╨░╤П╨╜╨╕╨╕, ╨▓╨╡╤А╨╡.	books/╨╖╨░╨│╤А╤Г╨╖╨║╨░.jpg	https://drive.google.com/file/d/1lxgPF5TJDuruT8jA_eSuKdZ9X99UxwaD/view?usp=drive_link	400.00	670	12	6	1	1	avatars/5e2cc9f87c050d8d3026d7a499d31ed1.jpg
\.


--
-- Data for Name: marketplace_deleblemodel; Type: TABLE DATA; Schema: public; Owner: postgres
--

COPY public.marketplace_deleblemodel (book_ptr_id, delete) FROM stdin;
\.


--
-- Data for Name: marketplace_genre; Type: TABLE DATA; Schema: public; Owner: postgres
--

COPY public.marketplace_genre (id, name) FROM stdin;
1	╤А╨╛╨╝╨░╨╜
2	IT-╨╗╨╕╤В╨╡╤А╨░╤В╤Г╤А╨░
3	╨д╨░╨╜╤В╨░╤Б╤В╨╕╨║╨░
4	╨н╨┐╨╛╤Б
\.


--
-- Data for Name: marketplace_language; Type: TABLE DATA; Schema: public; Owner: postgres
--

COPY public.marketplace_language (id, name) FROM stdin;
1	╨а╤Г╤Б╤Б╨║╨╕╨╣ ╤П╨╖╤Л╨║
2	╨Р╨╜╨│╨╗╨╕╨╣╤Б╨║╨╕╨╣
\.


--
-- Data for Name: myBooks_booktransfer; Type: TABLE DATA; Schema: public; Owner: postgres
--

COPY public."myBooks_booktransfer" (id, transferred_at, returned_at, status, book_id, giver_user_id, receiver_user_id) FROM stdin;
4	2024-05-15 13:03:19.443481+03	\N	transferred	1	5	1
2	2024-05-01 16:23:17.87962+03	2024-05-18 14:12:23.132191+03	returned	1	3	1
3	2024-05-09 03:47:56.121176+03	2024-05-18 14:12:23.143394+03	returned	2	1	4
1	2024-01-31 17:33:41.992046+03	2024-05-18 14:20:49.464371+03	returned	1	4	3
5	2024-05-18 14:36:15.600465+03	\N	transferred	2	5	1
\.


--
-- Data for Name: myBooks_notification; Type: TABLE DATA; Schema: public; Owner: postgres
--

COPY public."myBooks_notification" (id, message, type, read, created_at, recipient_id) FROM stdin;
1	Book ╨Ф╨╛╨╜ ╨Ъ╨╕╤Е╨╛╤В transferred to you by aziev.farid@bk.ru	transfer	f	2024-05-09 03:47:56.147025+03	4
\.


--
-- Data for Name: myBooks_userbook; Type: TABLE DATA; Schema: public; Owner: postgres
--

COPY public."myBooks_userbook" (id, book_id, user_id, added_at) FROM stdin;
41	1	4	2024-05-18 14:04:07.770136+03
43	2	1	2024-05-18 14:12:23.1412+03
45	1	5	2024-05-25 16:15:32.27059+03
46	2	5	2024-05-27 12:08:44.766955+03
\.


--
-- Data for Name: myBooks_wishbook; Type: TABLE DATA; Schema: public; Owner: postgres
--

COPY public."myBooks_wishbook" (id, added_at, book_id, user_id) FROM stdin;
1	2024-05-08 16:46:42.44723+03	4	5
4	2024-05-11 10:33:43.079677+03	2	5
5	2024-05-11 15:11:26.662471+03	1	5
8	2024-05-27 12:12:01.965845+03	6	5
\.


--
-- Data for Name: otp_static_staticdevice; Type: TABLE DATA; Schema: public; Owner: postgres
--

COPY public.otp_static_staticdevice (id, name, confirmed, user_id, throttling_failure_count, throttling_failure_timestamp, created_at, last_used_at) FROM stdin;
\.


--
-- Data for Name: otp_static_statictoken; Type: TABLE DATA; Schema: public; Owner: postgres
--

COPY public.otp_static_statictoken (id, token, device_id) FROM stdin;
\.


--
-- Data for Name: otp_totp_totpdevice; Type: TABLE DATA; Schema: public; Owner: postgres
--

COPY public.otp_totp_totpdevice (id, name, confirmed, key, step, t0, digits, tolerance, drift, last_t, user_id, throttling_failure_count, throttling_failure_timestamp, created_at, last_used_at) FROM stdin;
\.


--
-- Data for Name: token_blacklist_blacklistedtoken; Type: TABLE DATA; Schema: public; Owner: postgres
--

COPY public.token_blacklist_blacklistedtoken (id, blacklisted_at, token_id) FROM stdin;
1	2024-04-26 17:18:05.462252+03	1
2	2024-05-01 02:01:06.171938+03	12
3	2024-05-01 02:08:22.314444+03	14
4	2024-05-01 17:40:10.394579+03	18
5	2024-05-11 10:32:36.378975+03	25
\.


--
-- Data for Name: token_blacklist_outstandingtoken; Type: TABLE DATA; Schema: public; Owner: postgres
--

COPY public.token_blacklist_outstandingtoken (id, token, created_at, expires_at, user_id, jti) FROM stdin;
1	eyJhbGciOiJIUzI1NiIsInR5cCI6IkpXVCJ9.eyJ0b2tlbl90eXBlIjoicmVmcmVzaCIsImV4cCI6MTcxNTAwMzcxMSwiaWF0IjoxNzE0MTM5NzExLCJqdGkiOiI3YzVlMTFiYTU5ZGI0ZWYwOTQ4YmNhN2NiYmYzMThlNyIsInVzZXJfaWQiOjEsImlkIjoxfQ.07XLqv5-CIyBoXohGjAosKcCRKUWNorRxeCJMxUPqlE	\N	2024-05-06 16:55:11+03	\N	7c5e11ba59db4ef0948bca7cbbf318e7
2	eyJhbGciOiJIUzI1NiIsInR5cCI6IkpXVCJ9.eyJ0b2tlbl90eXBlIjoicmVmcmVzaCIsImV4cCI6MTcxNTAwNTg2MCwiaWF0IjoxNzE0MTQxODYwLCJqdGkiOiJkYjYwZDBmMGYwMzU0ZjkxOGUxMjhjMWQ2ZDFjMGQxNyIsInVzZXJfaWQiOjF9.NWRcYBOU0NaHl17O8biB895E463kb7FCP6SPsTSfcDg	2024-04-26 17:31:00.098501+03	2024-05-06 17:31:00+03	1	db60d0f0f0354f918e128c1d6d1c0d17
3	eyJhbGciOiJIUzI1NiIsInR5cCI6IkpXVCJ9.eyJ0b2tlbl90eXBlIjoicmVmcmVzaCIsImV4cCI6MTcxNTAwOTcyOCwiaWF0IjoxNzE0MTQ1NzI4LCJqdGkiOiIzMWUyNmU2ZGRkMzY0YmViYWY1ZmM4MGUzZWQxY2M1YiIsInVzZXJfaWQiOjF9.jtM-jm_qtUgwSStOzRGm75vYhJzPN5XLWIc1sGA_Cas	2024-04-26 18:35:28.018199+03	2024-05-06 18:35:28+03	1	31e26e6ddd364bebaf5fc80e3ed1cc5b
4	eyJhbGciOiJIUzI1NiIsInR5cCI6IkpXVCJ9.eyJ0b2tlbl90eXBlIjoicmVmcmVzaCIsImV4cCI6MTcxNTEyMjcxNCwiaWF0IjoxNzE0MjU4NzE0LCJqdGkiOiI4MzAxMzRiNDMyMDA0YTFmOTdkZjg4MTYxZWU3Y2E3YyIsInVzZXJfaWQiOjV9.4BDctlbSe8RUxAKUHgjQl0WtLvZoLBhFGsaqJy0nbEg	2024-04-28 01:58:34.857855+03	2024-05-08 01:58:34+03	5	830134b432004a1f97df88161ee7ca7c
5	eyJhbGciOiJIUzI1NiIsInR5cCI6IkpXVCJ9.eyJ0b2tlbl90eXBlIjoicmVmcmVzaCIsImV4cCI6MTcxNTEyMjc4NywiaWF0IjoxNzE0MjU4Nzg3LCJqdGkiOiIzM2UzNzA4ZjFiYTM0M2ViODYwOGVkNGI0MTFlYjI3YyIsInVzZXJfaWQiOjV9.PNlKlJJ_sGxWk6vXkje8MTAU59Y7i3MfZl6mjAZxGwU	2024-04-28 01:59:47.845395+03	2024-05-08 01:59:47+03	5	33e3708f1ba343eb8608ed4b411eb27c
6	eyJhbGciOiJIUzI1NiIsInR5cCI6IkpXVCJ9.eyJ0b2tlbl90eXBlIjoicmVmcmVzaCIsImV4cCI6MTcxNTEyMjg2MCwiaWF0IjoxNzE0MjU4ODYwLCJqdGkiOiIyNGVhZmY4MzFkYjk0ZTRmYThiMGRlYjkzMzNjMzhmMSIsInVzZXJfaWQiOjV9.y_VIMUBQF7PpeIV0OPHBvf-9i7SA0Fcu14QB8dw2yLc	2024-04-28 02:01:00.230496+03	2024-05-08 02:01:00+03	5	24eaff831db94e4fa8b0deb9333c38f1
7	eyJhbGciOiJIUzI1NiIsInR5cCI6IkpXVCJ9.eyJ0b2tlbl90eXBlIjoicmVmcmVzaCIsImV4cCI6MTcxNTEyMjk3NiwiaWF0IjoxNzE0MjU4OTc2LCJqdGkiOiI2NzhiMjhjYjIwM2Y0NGJiOTJkZjE5NmI0OGI4MmQ0MSIsInVzZXJfaWQiOjV9.ul5m4f5GEpBftYrOsA2_F1seMTCZ5E8bpkieu075H-Y	2024-04-28 02:02:56.593827+03	2024-05-08 02:02:56+03	5	678b28cb203f44bb92df196b48b82d41
8	eyJhbGciOiJIUzI1NiIsInR5cCI6IkpXVCJ9.eyJ0b2tlbl90eXBlIjoicmVmcmVzaCIsImV4cCI6MTcxNTE5NTE5MCwiaWF0IjoxNzE0MzMxMTkwLCJqdGkiOiJjZTAyZGM0MTlmMTE0NDAwYmViYzNmYTdhN2NjODM3NiIsInVzZXJfaWQiOjF9.RRensI7rYXQvNsHP78RCMxKHnqJRJxLKrnSAtqhtRHM	2024-04-28 22:06:30.715592+03	2024-05-08 22:06:30+03	1	ce02dc419f114400bebc3fa7a7cc8376
9	eyJhbGciOiJIUzI1NiIsInR5cCI6IkpXVCJ9.eyJ0b2tlbl90eXBlIjoicmVmcmVzaCIsImV4cCI6MTcxNTMyMjY4MCwiaWF0IjoxNzE0NDU4NjgwLCJqdGkiOiI2N2Y2YzFiMDFiYTk0OTgwYjY1NjYxOTY4NjVmM2UxMiIsInVzZXJfaWQiOjV9.FdvkzOkfSw7o2CTbGKz3lkH0tkslb7ND7VOAwgIoXd0	2024-04-30 09:31:20.456834+03	2024-05-10 09:31:20+03	5	67f6c1b01ba94980b6566196865f3e12
10	eyJhbGciOiJIUzI1NiIsInR5cCI6IkpXVCJ9.eyJ0b2tlbl90eXBlIjoicmVmcmVzaCIsImV4cCI6MTcxNTMyNDA1NSwiaWF0IjoxNzE0NDYwMDU1LCJqdGkiOiJjNmJiYjY1ZDRjMGI0MjY3OWNmZWNlNjcwNGYxNmJiNCIsInVzZXJfaWQiOjV9.3IXWklSMGHFFC6Sp5UfFYJmMeM0JH5507V8yUgqTohI	2024-04-30 09:54:15.210132+03	2024-05-10 09:54:15+03	5	c6bbb65d4c0b42679cfece6704f16bb4
11	eyJhbGciOiJIUzI1NiIsInR5cCI6IkpXVCJ9.eyJ0b2tlbl90eXBlIjoicmVmcmVzaCIsImV4cCI6MTcxNTM4MDA4OSwiaWF0IjoxNzE0NTE2MDg5LCJqdGkiOiIxNTQ1ZTQ1N2YzYjg0Nzc1YjIzZTdlOTE2MjQzYzRlMyIsInVzZXJfaWQiOjV9.GLaKKYhVpFdIQ_sRn9EAz_wwJG8nsMZfh30RPFPCjD8	2024-05-01 01:28:09.98589+03	2024-05-11 01:28:09+03	5	1545e457f3b84775b23e7e916243c4e3
12	eyJhbGciOiJIUzI1NiIsInR5cCI6IkpXVCJ9.eyJ0b2tlbl90eXBlIjoicmVmcmVzaCIsImV4cCI6MTcxNTM4MDc0MywiaWF0IjoxNzE0NTE2NzQzLCJqdGkiOiJiOGVmNjQzMmI4M2U0MDQ0YmFjZDY0NzJmYTBiMzk2YSIsInVzZXJfaWQiOjV9.MgD-tcej-A4sfOSfkeKRDn8C3LToY-Jriej6Tlonu6Q	2024-05-01 01:39:03.262511+03	2024-05-11 01:39:03+03	5	b8ef6432b83e4044bacd6472fa0b396a
13	eyJhbGciOiJIUzI1NiIsInR5cCI6IkpXVCJ9.eyJ0b2tlbl90eXBlIjoicmVmcmVzaCIsImV4cCI6MTcxNTM4MjM2MywiaWF0IjoxNzE0NTE4MzYzLCJqdGkiOiIzMTIzYmE1N2JiNTY0OTRjYjVhZGIwZmU3OGFkMjg2MSIsInVzZXJfaWQiOjV9.IpMzTWehQsHu0lfhGXTkIlhXwgH-4w907-TlYAA7Ydg	2024-05-01 02:06:03.086771+03	2024-05-11 02:06:03+03	5	3123ba57bb56494cb5adb0fe78ad2861
14	eyJhbGciOiJIUzI1NiIsInR5cCI6IkpXVCJ9.eyJ0b2tlbl90eXBlIjoicmVmcmVzaCIsImV4cCI6MTcxNTM4MjQ4MSwiaWF0IjoxNzE0NTE4NDgxLCJqdGkiOiJiODdmMGEwYmU1ZTU0YTE1ODEwNWNkY2FhODMwZTQwMCIsInVzZXJfaWQiOjV9.ANZPiOQ7H-4Egco6ASpRekkUiQFpsoslr2FV1IBmrpM	2024-05-01 02:08:01.378133+03	2024-05-11 02:08:01+03	5	b87f0a0be5e54a158105cdcaa830e400
15	eyJhbGciOiJIUzI1NiIsInR5cCI6IkpXVCJ9.eyJ0b2tlbl90eXBlIjoicmVmcmVzaCIsImV4cCI6MTcxNTQyMTcwMCwiaWF0IjoxNzE0NTU3NzAwLCJqdGkiOiJkZjcwZWFhZWFmZTk0MWVkOGM2YWFjZGI1ZTViNzU1NyIsInVzZXJfaWQiOjV9.E7zms09Zrdyy7GJVBNJRe2tDFqTpuIEjzQ-XufVD_qw	2024-05-01 13:01:40.178132+03	2024-05-11 13:01:40+03	5	df70eaaeafe941ed8c6aacdb5e5b7557
16	eyJhbGciOiJIUzI1NiIsInR5cCI6IkpXVCJ9.eyJ0b2tlbl90eXBlIjoicmVmcmVzaCIsImV4cCI6MTcxNTQyMzEwNSwiaWF0IjoxNzE0NTU5MTA1LCJqdGkiOiIxZGE2OTMxNjQzMTg0YmExODkyZDlhYmZjZjhlYjliMiIsInVzZXJfaWQiOjV9.VwTMB-gxHqPrU2OEinj0wXUzkDX6zBSuYejNRtTDUQY	2024-05-01 13:25:05.236768+03	2024-05-11 13:25:05+03	5	1da6931643184ba1892d9abfcf8eb9b2
17	eyJhbGciOiJIUzI1NiIsInR5cCI6IkpXVCJ9.eyJ0b2tlbl90eXBlIjoicmVmcmVzaCIsImV4cCI6MTcxNTQyMzI3MCwiaWF0IjoxNzE0NTU5MjcwLCJqdGkiOiJkMGViMjQ2ODZiYjA0ZTc2YTNiYzczZTg3YjcwMGZkNCIsInVzZXJfaWQiOjV9.I44O-N5HYRB1Xoq3vpEG6K_axY59Z3at0HjUpPCV498	2024-05-01 13:27:50.132422+03	2024-05-11 13:27:50+03	5	d0eb24686bb04e76a3bc73e87b700fd4
18	eyJhbGciOiJIUzI1NiIsInR5cCI6IkpXVCJ9.eyJ0b2tlbl90eXBlIjoicmVmcmVzaCIsImV4cCI6MTcxNTQyMzMwOCwiaWF0IjoxNzE0NTU5MzA4LCJqdGkiOiIxNTBiNTZhNTc3ZDk0YTY5OWI0NTY2ZjgxZDU4M2M0MSIsInVzZXJfaWQiOjV9.c62T0l1wby0fYXmCqPsgauCx8kisic2wwMg9eSURCsU	2024-05-01 13:28:28.265452+03	2024-05-11 13:28:28+03	5	150b56a577d94a699b4566f81d583c41
19	eyJhbGciOiJIUzI1NiIsInR5cCI6IkpXVCJ9.eyJ0b2tlbl90eXBlIjoicmVmcmVzaCIsImV4cCI6MTcxNTQzMTA4OCwiaWF0IjoxNzE0NTY3MDg4LCJqdGkiOiI3ZjkzZmM2NTEyYjY0ZTkwYTc5OTZkZDQ4ZjdlNGUyYiIsInVzZXJfaWQiOjV9.xMlWvkCQc2squ4wOq9B9_-tP-DvHeMvgzoqmEvB3CoI	2024-05-01 15:38:08.322618+03	2024-05-11 15:38:08+03	5	7f93fc6512b64e90a7996dd48f7e4e2b
20	eyJhbGciOiJIUzI1NiIsInR5cCI6IkpXVCJ9.eyJ0b2tlbl90eXBlIjoicmVmcmVzaCIsImV4cCI6MTcxNTQ0MzI1NiwiaWF0IjoxNzE0NTc5MjU2LCJqdGkiOiJhZTg0ZjExYTgxMWE0Y2U2OTgzYmZkNWMxYWQwZTlkZCIsInVzZXJfaWQiOjV9.WFosQj_lADl2rgbbSuzkeIaHmMhZi3ZEKNKgDmQA484	2024-05-01 19:00:56.843261+03	2024-05-11 19:00:56+03	5	ae84f11a811a4ce6983bfd5c1ad0e9dd
21	eyJhbGciOiJIUzI1NiIsInR5cCI6IkpXVCJ9.eyJ0b2tlbl90eXBlIjoicmVmcmVzaCIsImV4cCI6MTcxNTUzNTMxMSwiaWF0IjoxNzE0NjcxMzExLCJqdGkiOiI1ODk5NDJiNzFlNDU0NGU5ODIwZmEzZWEzNjY1YWE0YiIsInVzZXJfaWQiOjV9.MVucAAS04WuoZcAEKEaSS-txzCyGCNo36PPTuvzXiDk	2024-05-02 20:35:11.088047+03	2024-05-12 20:35:11+03	5	589942b71e4544e9820fa3ea3665aa4b
22	eyJhbGciOiJIUzI1NiIsInR5cCI6IkpXVCJ9.eyJ0b2tlbl90eXBlIjoicmVmcmVzaCIsImV4cCI6MTcxNTc5MDE5MywiaWF0IjoxNzE0OTI2MTkzLCJqdGkiOiIzN2IxNjkyYmIyNTk0YzM5YWY5OTRhYTYxOWExYzU2MiIsInVzZXJfaWQiOjV9.6WMA0BvnWWwlT7P5iC0rMwO-fhcsstHZ_m8MrfrJh80	2024-05-05 19:23:13.835273+03	2024-05-15 19:23:13+03	5	37b1692bb2594c39af994aa619a1c562
23	eyJhbGciOiJIUzI1NiIsInR5cCI6IkpXVCJ9.eyJ0b2tlbl90eXBlIjoicmVmcmVzaCIsImV4cCI6MTcxNTgwMzA5MCwiaWF0IjoxNzE0OTM5MDkwLCJqdGkiOiI2NDljYjZlODgzYTI0NmFkODk4MTQ4ODdhMzY2YjQwMyIsInVzZXJfaWQiOjV9.W7XnfJ0MGpQxalEeI315DDbltCa1EeunYcGx_Aklfsc	2024-05-05 22:58:10.344961+03	2024-05-15 22:58:10+03	5	649cb6e883a246ad89814887a366b403
24	eyJhbGciOiJIUzI1NiIsInR5cCI6IkpXVCJ9.eyJ0b2tlbl90eXBlIjoicmVmcmVzaCIsImV4cCI6MTcxNjAzOTA1OCwiaWF0IjoxNzE1MTc1MDU4LCJqdGkiOiI3OWVmZmNiNjcyMTI0MmY5YmUyZmNjYWVlZjRmMjUyNSIsInVzZXJfaWQiOjV9.IoFSr9Z-6u2ZpIuJ6eT4E3nMYxtRZEtoOg8E73nxbUQ	2024-05-08 16:30:58.555136+03	2024-05-18 16:30:58+03	5	79effcb6721242f9be2fccaeef4f2525
25	eyJhbGciOiJIUzI1NiIsInR5cCI6IkpXVCJ9.eyJ0b2tlbl90eXBlIjoicmVmcmVzaCIsImV4cCI6MTcxNjI3MzU0MSwiaWF0IjoxNzE1NDA5NTQxLCJqdGkiOiI2Njg1ODQ2ODA2NzU0NDliYjcwZTAwYjRkMWQwNjVkNCIsInVzZXJfaWQiOjV9.7ZMIgJZXkFQSxxyGyvs4FqPBn1vwkfS34EsgDXq_nbM	2024-05-11 09:39:01.801108+03	2024-05-21 09:39:01+03	5	668584680675449bb70e00b4d1d065d4
26	eyJhbGciOiJIUzI1NiIsInR5cCI6IkpXVCJ9.eyJ0b2tlbl90eXBlIjoicmVmcmVzaCIsImV4cCI6MTcxNjI3NjgwNiwiaWF0IjoxNzE1NDEyODA2LCJqdGkiOiIyNjI0ZDMyYTYxNzA0YmEwOWE5MGM5ZWVmMTM1ZjQzNiIsInVzZXJfaWQiOjV9.HOp471ujOeJMtfHvbPcdhlzuarhgC4ekF1e2U9dztds	2024-05-11 10:33:26.133798+03	2024-05-21 10:33:26+03	5	2624d32a61704ba09a90c9eef135f436
27	eyJhbGciOiJIUzI1NiIsInR5cCI6IkpXVCJ9.eyJ0b2tlbl90eXBlIjoicmVmcmVzaCIsImV4cCI6MTcxNjI3ODI5MywiaWF0IjoxNzE1NDE0MjkzLCJqdGkiOiJkMWY3ZDJiYzM0OGU0YjU5Yjk3ODI0ZTIxOThjOTJkNSIsInVzZXJfaWQiOjV9.8kUN8dM_R1GI9zXS8tFIkanzsA0LAFXeXimk0SQPt14	2024-05-11 10:58:13.402624+03	2024-05-21 10:58:13+03	5	d1f7d2bc348e4b59b97824e2198c92d5
28	eyJhbGciOiJIUzI1NiIsInR5cCI6IkpXVCJ9.eyJ0b2tlbl90eXBlIjoicmVmcmVzaCIsImV4cCI6MTcxNjU3ODI4MSwiaWF0IjoxNzE1NzE0MjgxLCJqdGkiOiJiODRkMjQ0N2E4N2Y0ZWNiOWU1NDI3YzJmZjI2NTdhZSIsInVzZXJfaWQiOjV9.jVx_zOYRojLNenAVthB3BQPIqOamxEAq8102n3ULxZM	2024-05-14 22:18:01.255164+03	2024-05-24 22:18:01+03	5	b84d2447a87f4ecb9e5427c2ff2657ae
29	eyJhbGciOiJIUzI1NiIsInR5cCI6IkpXVCJ9.eyJ0b2tlbl90eXBlIjoicmVmcmVzaCIsImV4cCI6MTcxNjU5ODE2NywiaWF0IjoxNzE1NzM0MTY3LCJqdGkiOiI5ODk5NmViODg2YWI0MmMxOWI1ZDA5YjYyNjZkYjRjOCIsInVzZXJfaWQiOjV9.k3uJM3GHBJIK-ULcS75JYEHFoFrJZgTKpBShVMtCu5A	2024-05-15 03:49:27.061953+03	2024-05-25 03:49:27+03	5	98996eb886ab42c19b5d09b6266db4c8
35	eyJhbGciOiJIUzI1NiIsInR5cCI6IkpXVCJ9.eyJ0b2tlbl90eXBlIjoicmVmcmVzaCIsImV4cCI6MTcxNjYzMTMyMCwiaWF0IjoxNzE1NzY3MzIwLCJqdGkiOiIwZTFlYzNjNjJhMWE0NWQ4YmIyZjM5NTYxNWIyZTAwMCIsInVzZXJfaWQiOjV9.7Q6znE3rLvi6CesDyjs3kTF9gcNHe_Yk1XvhWohSlAE	2024-05-15 13:02:00.85562+03	2024-05-25 13:02:00+03	5	0e1ec3c62a1a45d8bb2f395615b2e000
36	eyJhbGciOiJIUzI1NiIsInR5cCI6IkpXVCJ9.eyJ0b2tlbl90eXBlIjoicmVmcmVzaCIsImV4cCI6MTcxNjYzMTYxOCwiaWF0IjoxNzE1NzY3NjE4LCJqdGkiOiI5NTRhNGRmYjQzODQ0MjQ1YWFhNmVjM2I1ZjUyZjY4YyIsInVzZXJfaWQiOjV9.PfETBzAkHgMsLtpzL7ZOU3hz_E_ahBwh8bFRBpMs2mM	2024-05-15 13:06:58.965307+03	2024-05-25 13:06:58+03	5	954a4dfb43844245aaa6ec3b5f52f68c
37	eyJhbGciOiJIUzI1NiIsInR5cCI6IkpXVCJ9.eyJ0b2tlbl90eXBlIjoicmVmcmVzaCIsImV4cCI6MTcxNjc1MjM5MSwiaWF0IjoxNzE1ODg4MzkxLCJqdGkiOiI3NDFkOTJhYTQzY2M0NmM3YTExMWE3ZTE2ZjAwNzBlMCIsInVzZXJfaWQiOjV9.YEz7mEccrkmdMMV2WvHvyqeTVdtH4en23jGRqnqyzVc	2024-05-16 22:39:51.7974+03	2024-05-26 22:39:51+03	5	741d92aa43cc46c7a111a7e16f0070e0
30	eyJhbGciOiJIUzI1NiIsInR5cCI6IkpXVCJ9.eyJ0b2tlbl90eXBlIjoicmVmcmVzaCIsImV4cCI6MTcxNjU5ODM0NywiaWF0IjoxNzE1NzM0MzQ3LCJqdGkiOiJhY2FhNTY0ODYyMmI0OTY4OGNlY2Q5MjNjNjZmODM0OCIsInVzZXJfaWQiOjl9.EUK99be_UKPw9PW0o-ey_tZyWtZRjm7dttabKp2_oxA	2024-05-15 03:52:27.731635+03	2024-05-25 03:52:27+03	\N	acaa5648622b49688cecd923c66f8348
31	eyJhbGciOiJIUzI1NiIsInR5cCI6IkpXVCJ9.eyJ0b2tlbl90eXBlIjoicmVmcmVzaCIsImV4cCI6MTcxNjU5ODg1MCwiaWF0IjoxNzE1NzM0ODUwLCJqdGkiOiIyOTY2MzZjMDU1YTM0MGViOTIyMjZlNWJmNmRkM2YxZiIsInVzZXJfaWQiOjl9.H2HYvvn7P3lbusL_jaFo1NVZyZVVpO29lwDViJ5cE9I	2024-05-15 04:00:50.525858+03	2024-05-25 04:00:50+03	\N	296636c055a340eb92226e5bf6dd3f1f
32	eyJhbGciOiJIUzI1NiIsInR5cCI6IkpXVCJ9.eyJ0b2tlbl90eXBlIjoicmVmcmVzaCIsImV4cCI6MTcxNjU5OTY2NiwiaWF0IjoxNzE1NzM1NjY2LCJqdGkiOiJjMTgwY2I5NmVkZTc0OGQwOWEwOGIxZWRkOWExMTk5ZCIsInVzZXJfaWQiOjl9.JG2yVY8Qw91xta7erqJEjlQNidjmehA7BX67HIhfq64	2024-05-15 04:14:26.507769+03	2024-05-25 04:14:26+03	\N	c180cb96ede748d09a08b1edd9a1199d
33	eyJhbGciOiJIUzI1NiIsInR5cCI6IkpXVCJ9.eyJ0b2tlbl90eXBlIjoicmVmcmVzaCIsImV4cCI6MTcxNjU5OTY3NiwiaWF0IjoxNzE1NzM1Njc2LCJqdGkiOiJmNzRjNzBiNmViMTY0OGIxYjYxYjU2ZTg3NWQ5NzhjOCIsInVzZXJfaWQiOjl9.n9mkXQXaFHYVOLHT6VzQCRFoCQ2SSNlausujhQie9MM	2024-05-15 04:14:36.294838+03	2024-05-25 04:14:36+03	\N	f74c70b6eb1648b1b61b56e875d978c8
34	eyJhbGciOiJIUzI1NiIsInR5cCI6IkpXVCJ9.eyJ0b2tlbl90eXBlIjoicmVmcmVzaCIsImV4cCI6MTcxNjU5OTc0NSwiaWF0IjoxNzE1NzM1NzQ1LCJqdGkiOiIyODgyODhlNDJkNDc0ZmJmYWM1ZDk4ODdhMjQwZjAzZSIsInVzZXJfaWQiOjl9.pkqT35E1dPstJPQnrwXaU307ntGViL58Uz5vm0M5lE0	2024-05-15 04:15:45.156178+03	2024-05-25 04:15:45+03	\N	288288e42d474fbfac5d9887a240f03e
38	eyJhbGciOiJIUzI1NiIsInR5cCI6IkpXVCJ9.eyJ0b2tlbl90eXBlIjoicmVmcmVzaCIsImV4cCI6MTcxNjg4NjcyMSwiaWF0IjoxNzE2MDIyNzIxLCJqdGkiOiI4ZmZjODU5ZDI1ZGM0N2YxODU5MTM2NjIwOTY1MGQ1YiIsInVzZXJfaWQiOjl9.71VTNY8LeOR6Dm6ztXC1QIlhFLc73wZXVA3mDtHYpPU	2024-05-18 11:58:41.512453+03	2024-05-28 11:58:41+03	\N	8ffc859d25dc47f18591366209650d5b
39	eyJhbGciOiJIUzI1NiIsInR5cCI6IkpXVCJ9.eyJ0b2tlbl90eXBlIjoicmVmcmVzaCIsImV4cCI6MTcxNjg5NjA4NCwiaWF0IjoxNzE2MDMyMDg0LCJqdGkiOiJkN2VkZWE3OTkzZGU0Y2YyYjcyMGU2ZGI5NzY2ZTllNCIsInVzZXJfaWQiOjV9.RYpRuvCjwKSAvLG6bxGd_cgI7BvHSQfqr-JGoLFnIhw	2024-05-18 14:34:44.930195+03	2024-05-28 14:34:44+03	5	d7edea7993de4cf2b720e6db9766e9e4
40	eyJhbGciOiJIUzI1NiIsInR5cCI6IkpXVCJ9.eyJ0b2tlbl90eXBlIjoicmVmcmVzaCIsImV4cCI6MTcxNzM2MTQwNSwiaWF0IjoxNzE2NDk3NDA1LCJqdGkiOiI4ZmJmYjBkNjljNWM0MzA0YWQyMjEzOWUyNzcwMmMyZCIsInVzZXJfaWQiOjV9.segWPToiD11SZFkRvm30OGpYLg2dtNc7bIlLfNMIoXE	2024-05-23 23:50:05.956558+03	2024-06-02 23:50:05+03	5	8fbfb0d69c5c4304ad22139e27702c2d
41	eyJhbGciOiJIUzI1NiIsInR5cCI6IkpXVCJ9.eyJ0b2tlbl90eXBlIjoicmVmcmVzaCIsImV4cCI6MTcxNzM2MzU3MywiaWF0IjoxNzE2NDk5NTczLCJqdGkiOiJkOTE1YjY4NGE5ZTI0YWExOWEwMGFmNjMxZTVjN2YxNiIsInVzZXJfaWQiOjV9.WMYAJ7tVPBNYAZ09RpACgJk66syOX0EkPP1wdoyMmXk	2024-05-24 00:26:13.012805+03	2024-06-03 00:26:13+03	5	d915b684a9e24aa19a00af631e5c7f16
42	eyJhbGciOiJIUzI1NiIsInR5cCI6IkpXVCJ9.eyJ0b2tlbl90eXBlIjoicmVmcmVzaCIsImV4cCI6MTcxNzUwNjE0NywiaWF0IjoxNzE2NjQyMTQ3LCJqdGkiOiIwZjAyNzdmN2EzMWI0YTgzOTgyZWI0ZDgyODc5ZWNiNSIsInVzZXJfaWQiOjV9.dSHd9jS5PD0ZVotqga1YTAJwnEnwnWv3-PyqnIcc7rY	2024-05-25 16:02:27.617241+03	2024-06-04 16:02:27+03	5	0f0277f7a31b4a83982eb4d82879ecb5
43	eyJhbGciOiJIUzI1NiIsInR5cCI6IkpXVCJ9.eyJ0b2tlbl90eXBlIjoicmVmcmVzaCIsImV4cCI6MTcxNzU0NTE3MCwiaWF0IjoxNzE2NjgxMTcwLCJqdGkiOiI3MjhmZGEzYzI2MTU0MmFkYjZlOTIyOWU1YmVmNjk1NCIsInVzZXJfaWQiOjV9.dLW9RWjCMuhxf5OUxD0pENWHBSDu9Sr5RRUHvEf6kO4	2024-05-26 02:52:50.831094+03	2024-06-05 02:52:50+03	5	728fda3c261542adb6e9229e5bef6954
44	eyJhbGciOiJIUzI1NiIsInR5cCI6IkpXVCJ9.eyJ0b2tlbl90eXBlIjoicmVmcmVzaCIsImV4cCI6MTcxNzU0NTY1OSwiaWF0IjoxNzE2NjgxNjU5LCJqdGkiOiJjM2FjYTI4OGE4YzY0ZDllYTRmYTNhYTgwNDk3YjA3NCIsInVzZXJfaWQiOjV9.2ALW9SA6GS--oi3KL63vXajLLN8iWVA1Uu3qMCrykVo	2024-05-26 03:00:59.57061+03	2024-06-05 03:00:59+03	5	c3aca288a8c64d9ea4fa3aa80497b074
45	eyJhbGciOiJIUzI1NiIsInR5cCI6IkpXVCJ9.eyJ0b2tlbl90eXBlIjoicmVmcmVzaCIsImV4cCI6MTcxNzU5MjE2OSwiaWF0IjoxNzE2NzI4MTY5LCJqdGkiOiJiOGZkYTc4NjE4NTI0NjJiOTYyMDI4NThjZjM0MTc3NyIsInVzZXJfaWQiOjV9.s5FOAIi7VYVpH8JggvL31Bhi5--d0ZGIX8F3VDU-W0Y	2024-05-26 15:56:09.314636+03	2024-06-05 15:56:09+03	5	b8fda7861852462b96202858cf341777
46	eyJhbGciOiJIUzI1NiIsInR5cCI6IkpXVCJ9.eyJ0b2tlbl90eXBlIjoicmVmcmVzaCIsImV4cCI6MTcxNzYyOTg0NCwiaWF0IjoxNzE2NzY1ODQ0LCJqdGkiOiJiZDk3ZWRlYmZhNzM0ZjM1YjNhZDQ1M2E3MjNmNTM0ZSIsInVzZXJfaWQiOjV9.bS-bza49x2kihkU-EJJijWTH7OB_4-UTmvXt2WI6coQ	2024-05-27 02:24:04.442803+03	2024-06-06 02:24:04+03	5	bd97edebfa734f35b3ad453a723f534e
47	eyJhbGciOiJIUzI1NiIsInR5cCI6IkpXVCJ9.eyJ0b2tlbl90eXBlIjoicmVmcmVzaCIsImV4cCI6MTcxNzY2NDgxNiwiaWF0IjoxNzE2ODAwODE2LCJqdGkiOiI1ZWNmNmNkZTY3ZTE0MTcwYTM0MmE0YmZiZmYwNTk4NCIsInVzZXJfaWQiOjV9.U9YAXjY0rmEUyZAKzW-BkMzhup7132da1x6yq7cXofE	2024-05-27 12:06:56.311709+03	2024-06-06 12:06:56+03	5	5ecf6cde67e14170a342a4bfbff05984
48	eyJhbGciOiJIUzI1NiIsInR5cCI6IkpXVCJ9.eyJ0b2tlbl90eXBlIjoicmVmcmVzaCIsImV4cCI6MTcxNzY2NDg0NCwiaWF0IjoxNzE2ODAwODQ0LCJqdGkiOiJmNGQxNzAxMzgxMjc0ZTg4OWVkOTM1OGU0OTk3NTRkYiIsInVzZXJfaWQiOjV9.69hJFkOGttJjrYXvRunx0jUN6v7e0x84YKvN1EfgoYY	2024-05-27 12:07:24.567548+03	2024-06-06 12:07:24+03	5	f4d1701381274e889ed9358e499754db
49	eyJhbGciOiJIUzI1NiIsInR5cCI6IkpXVCJ9.eyJ0b2tlbl90eXBlIjoicmVmcmVzaCIsImV4cCI6MTcxNzY2NTIzMCwiaWF0IjoxNzE2ODAxMjMwLCJqdGkiOiI1ZmM0ZGI0NThhMzQ0MjZjYWEyMzZjMGM4YzdkZWEzMyIsInVzZXJfaWQiOjV9.-l2buMR53DOq32YNgOcasuOZs1_dPOvPrzAeWcA_fgQ	2024-05-27 12:13:50.549856+03	2024-06-06 12:13:50+03	5	5fc4db458a34426caa236c0c8c7dea33
50	eyJhbGciOiJIUzI1NiIsInR5cCI6IkpXVCJ9.eyJ0b2tlbl90eXBlIjoicmVmcmVzaCIsImV4cCI6MTcxNzY5NTk3OCwiaWF0IjoxNzE2ODMxOTc4LCJqdGkiOiIxNDZlMGVmODQwYjQ0MTNmOGY5MDI2NTA4Y2JjMWZhOSIsInVzZXJfaWQiOjV9.WmlgBeyVpdxGwdmcd52eKzrbhVqPsaoIlwzug-6JlHQ	2024-05-27 20:46:18.614083+03	2024-06-06 20:46:18+03	5	146e0ef840b4413f8f9026508cbc1fa9
\.


--
-- Data for Name: users_user; Type: TABLE DATA; Schema: public; Owner: postgres
--

COPY public.users_user (password, last_login, is_superuser, id, email, first_name, second_name, patronymic, is_active, is_staff, otp, otp_created_at, totp_secret) FROM stdin;
pbkdf2_sha256$600000$ALcqnKhjKomXGxq7bD1VNW$1LLAt29q6qIg9wbOcyn+jDw30Vv+w2ylMyVjXKVP14Y=	\N	f	2	tini.kka@gmail.com				t	f	\N	\N	\N
some_password	\N	f	4	test@example.com				t	f	\N	\N	\N
pbkdf2_sha256$600000$S5l6BJeIkSYmougSirdRpp$a063Umb/PCWHF1M4+1S4rkfL19gdDKy2SJHXhggwiac=	\N	f	6	ivanov.ivan@gmail.com				t	f	\N	\N	\N
pbkdf2_sha256$600000$oFItTfazgnjvXLi5SARAcZ$Yb7yA04MUMF7igxb2hnKkDTpgkSqvdZHWnNiBUzi7CQ=	\N	f	7	example@example.com				t	f	\N	\N	\N
pbkdf2_sha256$600000$kx0ZFbhz3xlDVTooVfIHhK$tdupyGxiUdfm7ljTrs0PuaIoVlEzvxVr36HJf9R9FGE=	\N	f	8	petrov.petr@gmail.com	Petr	Petrov	Petrovich	t	f	\N	\N	\N
pbkdf2_sha256$600000$MccdVe919S32F6VoC0rJST$SSpip8kjRJugHiIo2eiyehAe1W37PnDUzPZYFdRqyZU=	\N	f	1	aziev.farid@bk.ru				t	f	\N	\N	F2HGKFO4POX4WB6P2KKVDVKCER3RWIC4
pbkdf2_sha256$600000$qz4u5SQGD9rYPbsUYHGVq7$pINcWcJGRsagcKXUBZMy9RVkRDtmz0uTTvbsr8oArAE=	2024-05-27 03:33:39.489852+03	t	3	mudrypingvin50@gmail.com	Admin	Admin	Admin	t	t	\N	\N	\N
pbkdf2_sha256$600000$54q0bk8WRFSzOam7PmayLR$bxAGQZBcVZcp4tX7xnRsIrjQ/EI5fsatrxRUEz5lY+U=	\N	f	5	test1@example.com	╨Ш╨▓╨░╨╜	╨Ш╨▓╨░╨╜╨╛╨▓	╨Ш╨▓╨░╨╜╨╛╨▓╨╕╤З	t	f	123456	2024-04-22 22:42:34.768755+03	XU7EBVE6CQ5AETYVTNDKPVENX4E27SEP
\.


--
-- Data for Name: users_user_groups; Type: TABLE DATA; Schema: public; Owner: postgres
--

COPY public.users_user_groups (id, user_id, group_id) FROM stdin;
\.


--
-- Data for Name: users_user_user_permissions; Type: TABLE DATA; Schema: public; Owner: postgres
--

COPY public.users_user_user_permissions (id, user_id, permission_id) FROM stdin;
\.


--
-- Data for Name: users_usertoken; Type: TABLE DATA; Schema: public; Owner: postgres
--

COPY public.users_usertoken (id, token, user_id) FROM stdin;
1	eyJhbGciOiJIUzI1NiIsInR5cCI6IkpXVCJ9.eyJ0b2tlbl90eXBlIjoiYWNjZXNzIiwiZXhwIjoxNzA3MjU1ODYwLCJpYXQiOjE3MDYzOTE4NjAsImp0aSI6IjI3ODI1Y2ZkNjFjODQ4ZjQ5NGVlMzFhMTQ0ZTQyYmU5IiwidXNlcl9pZCI6NH0.VRuw3lUlVs9vyQMA3JFSn3yvPfEllmL_ukGz7q2Bz54	4
4	eyJhbGciOiJIUzI1NiIsInR5cCI6IkpXVCJ9.eyJ0b2tlbl90eXBlIjoiYWNjZXNzIiwiZXhwIjoxNzA3NzU0NjgwLCJpYXQiOjE3MDY4OTA2ODAsImp0aSI6ImU5ZTk1OTYxZGFjMzQ5M2JhYjkwOGMwZDhiZjk2NTJkIiwidXNlcl9pZCI6Nn0.2zyFqR-YcyHYgFrcclmXlZ6HbOezI56rF1-Mey35hzg	6
5	eyJhbGciOiJIUzI1NiIsInR5cCI6IkpXVCJ9.eyJ0b2tlbl90eXBlIjoiYWNjZXNzIiwiZXhwIjoxNzA3OTUwNzk3LCJpYXQiOjE3MDcwODY3OTcsImp0aSI6IjBjMWZlNzUyZThjNjRiYWJiYTc3NWJlNDQ3YjM4MmY5IiwidXNlcl9pZCI6N30.p08w4fgqkATl0iM4pXWCdJDuPMcCC5YLfdTyjZWhXmA	7
6	eyJhbGciOiJIUzI1NiIsInR5cCI6IkpXVCJ9.eyJ0b2tlbl90eXBlIjoiYWNjZXNzIiwiZXhwIjoxNzA4NDc2MzE2LCJpYXQiOjE3MDc2MTIzMTYsImp0aSI6ImRkMzQ5ZGEwZWZlMDRiMjM4NmMxODZjNGRjM2FhZTE4IiwidXNlcl9pZCI6OH0.k47gqAKo_M2EmPIIdpRHzcEaTkRc2L8N59lgGIfBeBo	8
\.


--
-- Name: auth_group_id_seq; Type: SEQUENCE SET; Schema: public; Owner: postgres
--

SELECT pg_catalog.setval('public.auth_group_id_seq', 1, false);


--
-- Name: auth_group_permissions_id_seq; Type: SEQUENCE SET; Schema: public; Owner: postgres
--

SELECT pg_catalog.setval('public.auth_group_permissions_id_seq', 1, false);


--
-- Name: auth_permission_id_seq; Type: SEQUENCE SET; Schema: public; Owner: postgres
--

SELECT pg_catalog.setval('public.auth_permission_id_seq', 88, true);


--
-- Name: django_admin_log_id_seq; Type: SEQUENCE SET; Schema: public; Owner: postgres
--

SELECT pg_catalog.setval('public.django_admin_log_id_seq', 40, true);


--
-- Name: django_content_type_id_seq; Type: SEQUENCE SET; Schema: public; Owner: postgres
--

SELECT pg_catalog.setval('public.django_content_type_id_seq', 22, true);


--
-- Name: django_migrations_id_seq; Type: SEQUENCE SET; Schema: public; Owner: postgres
--

SELECT pg_catalog.setval('public.django_migrations_id_seq', 55, true);


--
-- Name: marketplace_author_id_seq; Type: SEQUENCE SET; Schema: public; Owner: postgres
--

SELECT pg_catalog.setval('public.marketplace_author_id_seq', 6, true);


--
-- Name: marketplace_book_id_seq; Type: SEQUENCE SET; Schema: public; Owner: postgres
--

SELECT pg_catalog.setval('public.marketplace_book_id_seq', 6, true);


--
-- Name: marketplace_genre_id_seq; Type: SEQUENCE SET; Schema: public; Owner: postgres
--

SELECT pg_catalog.setval('public.marketplace_genre_id_seq', 4, true);


--
-- Name: marketplace_language_id_seq; Type: SEQUENCE SET; Schema: public; Owner: postgres
--

SELECT pg_catalog.setval('public.marketplace_language_id_seq', 2, true);


--
-- Name: myBooks_booktransfer_id_seq; Type: SEQUENCE SET; Schema: public; Owner: postgres
--

SELECT pg_catalog.setval('public."myBooks_booktransfer_id_seq"', 5, true);


--
-- Name: myBooks_notification_id_seq; Type: SEQUENCE SET; Schema: public; Owner: postgres
--

SELECT pg_catalog.setval('public."myBooks_notification_id_seq"', 1, true);


--
-- Name: myBooks_userbook_id_seq; Type: SEQUENCE SET; Schema: public; Owner: postgres
--

SELECT pg_catalog.setval('public."myBooks_userbook_id_seq"', 46, true);


--
-- Name: myBooks_wishbook_id_seq; Type: SEQUENCE SET; Schema: public; Owner: postgres
--

SELECT pg_catalog.setval('public."myBooks_wishbook_id_seq"', 8, true);


--
-- Name: otp_static_staticdevice_id_seq; Type: SEQUENCE SET; Schema: public; Owner: postgres
--

SELECT pg_catalog.setval('public.otp_static_staticdevice_id_seq', 1, false);


--
-- Name: otp_static_statictoken_id_seq; Type: SEQUENCE SET; Schema: public; Owner: postgres
--

SELECT pg_catalog.setval('public.otp_static_statictoken_id_seq', 1, false);


--
-- Name: otp_totp_totpdevice_id_seq; Type: SEQUENCE SET; Schema: public; Owner: postgres
--

SELECT pg_catalog.setval('public.otp_totp_totpdevice_id_seq', 1, false);


--
-- Name: token_blacklist_blacklistedtoken_id_seq; Type: SEQUENCE SET; Schema: public; Owner: postgres
--

SELECT pg_catalog.setval('public.token_blacklist_blacklistedtoken_id_seq', 5, true);


--
-- Name: token_blacklist_outstandingtoken_id_seq; Type: SEQUENCE SET; Schema: public; Owner: postgres
--

SELECT pg_catalog.setval('public.token_blacklist_outstandingtoken_id_seq', 50, true);


--
-- Name: users_user_groups_id_seq; Type: SEQUENCE SET; Schema: public; Owner: postgres
--

SELECT pg_catalog.setval('public.users_user_groups_id_seq', 1, false);


--
-- Name: users_user_id_seq; Type: SEQUENCE SET; Schema: public; Owner: postgres
--

SELECT pg_catalog.setval('public.users_user_id_seq', 9, true);


--
-- Name: users_user_user_permissions_id_seq; Type: SEQUENCE SET; Schema: public; Owner: postgres
--

SELECT pg_catalog.setval('public.users_user_user_permissions_id_seq', 1, false);


--
-- Name: users_usertoken_id_seq; Type: SEQUENCE SET; Schema: public; Owner: postgres
--

SELECT pg_catalog.setval('public.users_usertoken_id_seq', 7, true);


--
-- Name: auth_group auth_group_name_key; Type: CONSTRAINT; Schema: public; Owner: postgres
--

ALTER TABLE ONLY public.auth_group
    ADD CONSTRAINT auth_group_name_key UNIQUE (name);


--
-- Name: auth_group_permissions auth_group_permissions_group_id_permission_id_0cd325b0_uniq; Type: CONSTRAINT; Schema: public; Owner: postgres
--

ALTER TABLE ONLY public.auth_group_permissions
    ADD CONSTRAINT auth_group_permissions_group_id_permission_id_0cd325b0_uniq UNIQUE (group_id, permission_id);


--
-- Name: auth_group_permissions auth_group_permissions_pkey; Type: CONSTRAINT; Schema: public; Owner: postgres
--

ALTER TABLE ONLY public.auth_group_permissions
    ADD CONSTRAINT auth_group_permissions_pkey PRIMARY KEY (id);


--
-- Name: auth_group auth_group_pkey; Type: CONSTRAINT; Schema: public; Owner: postgres
--

ALTER TABLE ONLY public.auth_group
    ADD CONSTRAINT auth_group_pkey PRIMARY KEY (id);


--
-- Name: auth_permission auth_permission_content_type_id_codename_01ab375a_uniq; Type: CONSTRAINT; Schema: public; Owner: postgres
--

ALTER TABLE ONLY public.auth_permission
    ADD CONSTRAINT auth_permission_content_type_id_codename_01ab375a_uniq UNIQUE (content_type_id, codename);


--
-- Name: auth_permission auth_permission_pkey; Type: CONSTRAINT; Schema: public; Owner: postgres
--

ALTER TABLE ONLY public.auth_permission
    ADD CONSTRAINT auth_permission_pkey PRIMARY KEY (id);


--
-- Name: django_admin_log django_admin_log_pkey; Type: CONSTRAINT; Schema: public; Owner: postgres
--

ALTER TABLE ONLY public.django_admin_log
    ADD CONSTRAINT django_admin_log_pkey PRIMARY KEY (id);


--
-- Name: django_content_type django_content_type_app_label_model_76bd3d3b_uniq; Type: CONSTRAINT; Schema: public; Owner: postgres
--

ALTER TABLE ONLY public.django_content_type
    ADD CONSTRAINT django_content_type_app_label_model_76bd3d3b_uniq UNIQUE (app_label, model);


--
-- Name: django_content_type django_content_type_pkey; Type: CONSTRAINT; Schema: public; Owner: postgres
--

ALTER TABLE ONLY public.django_content_type
    ADD CONSTRAINT django_content_type_pkey PRIMARY KEY (id);


--
-- Name: django_migrations django_migrations_pkey; Type: CONSTRAINT; Schema: public; Owner: postgres
--

ALTER TABLE ONLY public.django_migrations
    ADD CONSTRAINT django_migrations_pkey PRIMARY KEY (id);


--
-- Name: django_session django_session_pkey; Type: CONSTRAINT; Schema: public; Owner: postgres
--

ALTER TABLE ONLY public.django_session
    ADD CONSTRAINT django_session_pkey PRIMARY KEY (session_key);


--
-- Name: marketplace_author marketplace_author_pkey; Type: CONSTRAINT; Schema: public; Owner: postgres
--

ALTER TABLE ONLY public.marketplace_author
    ADD CONSTRAINT marketplace_author_pkey PRIMARY KEY (id);


--
-- Name: marketplace_book marketplace_book_pkey; Type: CONSTRAINT; Schema: public; Owner: postgres
--

ALTER TABLE ONLY public.marketplace_book
    ADD CONSTRAINT marketplace_book_pkey PRIMARY KEY (id);


--
-- Name: marketplace_deleblemodel marketplace_deleblemodel_pkey; Type: CONSTRAINT; Schema: public; Owner: postgres
--

ALTER TABLE ONLY public.marketplace_deleblemodel
    ADD CONSTRAINT marketplace_deleblemodel_pkey PRIMARY KEY (book_ptr_id);


--
-- Name: marketplace_genre marketplace_genre_pkey; Type: CONSTRAINT; Schema: public; Owner: postgres
--

ALTER TABLE ONLY public.marketplace_genre
    ADD CONSTRAINT marketplace_genre_pkey PRIMARY KEY (id);


--
-- Name: marketplace_language marketplace_language_pkey; Type: CONSTRAINT; Schema: public; Owner: postgres
--

ALTER TABLE ONLY public.marketplace_language
    ADD CONSTRAINT marketplace_language_pkey PRIMARY KEY (id);


--
-- Name: myBooks_booktransfer myBooks_booktransfer_pkey; Type: CONSTRAINT; Schema: public; Owner: postgres
--

ALTER TABLE ONLY public."myBooks_booktransfer"
    ADD CONSTRAINT "myBooks_booktransfer_pkey" PRIMARY KEY (id);


--
-- Name: myBooks_notification myBooks_notification_pkey; Type: CONSTRAINT; Schema: public; Owner: postgres
--

ALTER TABLE ONLY public."myBooks_notification"
    ADD CONSTRAINT "myBooks_notification_pkey" PRIMARY KEY (id);


--
-- Name: myBooks_userbook myBooks_userbook_book_id_user_id_7d749ce0_uniq; Type: CONSTRAINT; Schema: public; Owner: postgres
--

ALTER TABLE ONLY public."myBooks_userbook"
    ADD CONSTRAINT "myBooks_userbook_book_id_user_id_7d749ce0_uniq" UNIQUE (book_id, user_id);


--
-- Name: myBooks_userbook myBooks_userbook_pkey; Type: CONSTRAINT; Schema: public; Owner: postgres
--

ALTER TABLE ONLY public."myBooks_userbook"
    ADD CONSTRAINT "myBooks_userbook_pkey" PRIMARY KEY (id);


--
-- Name: myBooks_wishbook myBooks_wishbook_book_id_user_id_0f7d1d89_uniq; Type: CONSTRAINT; Schema: public; Owner: postgres
--

ALTER TABLE ONLY public."myBooks_wishbook"
    ADD CONSTRAINT "myBooks_wishbook_book_id_user_id_0f7d1d89_uniq" UNIQUE (book_id, user_id);


--
-- Name: myBooks_wishbook myBooks_wishbook_pkey; Type: CONSTRAINT; Schema: public; Owner: postgres
--

ALTER TABLE ONLY public."myBooks_wishbook"
    ADD CONSTRAINT "myBooks_wishbook_pkey" PRIMARY KEY (id);


--
-- Name: otp_static_staticdevice otp_static_staticdevice_pkey; Type: CONSTRAINT; Schema: public; Owner: postgres
--

ALTER TABLE ONLY public.otp_static_staticdevice
    ADD CONSTRAINT otp_static_staticdevice_pkey PRIMARY KEY (id);


--
-- Name: otp_static_statictoken otp_static_statictoken_pkey; Type: CONSTRAINT; Schema: public; Owner: postgres
--

ALTER TABLE ONLY public.otp_static_statictoken
    ADD CONSTRAINT otp_static_statictoken_pkey PRIMARY KEY (id);


--
-- Name: otp_totp_totpdevice otp_totp_totpdevice_pkey; Type: CONSTRAINT; Schema: public; Owner: postgres
--

ALTER TABLE ONLY public.otp_totp_totpdevice
    ADD CONSTRAINT otp_totp_totpdevice_pkey PRIMARY KEY (id);


--
-- Name: token_blacklist_blacklistedtoken token_blacklist_blacklistedtoken_pkey; Type: CONSTRAINT; Schema: public; Owner: postgres
--

ALTER TABLE ONLY public.token_blacklist_blacklistedtoken
    ADD CONSTRAINT token_blacklist_blacklistedtoken_pkey PRIMARY KEY (id);


--
-- Name: token_blacklist_blacklistedtoken token_blacklist_blacklistedtoken_token_id_key; Type: CONSTRAINT; Schema: public; Owner: postgres
--

ALTER TABLE ONLY public.token_blacklist_blacklistedtoken
    ADD CONSTRAINT token_blacklist_blacklistedtoken_token_id_key UNIQUE (token_id);


--
-- Name: token_blacklist_outstandingtoken token_blacklist_outstandingtoken_jti_hex_d9bdf6f7_uniq; Type: CONSTRAINT; Schema: public; Owner: postgres
--

ALTER TABLE ONLY public.token_blacklist_outstandingtoken
    ADD CONSTRAINT token_blacklist_outstandingtoken_jti_hex_d9bdf6f7_uniq UNIQUE (jti);


--
-- Name: token_blacklist_outstandingtoken token_blacklist_outstandingtoken_pkey; Type: CONSTRAINT; Schema: public; Owner: postgres
--

ALTER TABLE ONLY public.token_blacklist_outstandingtoken
    ADD CONSTRAINT token_blacklist_outstandingtoken_pkey PRIMARY KEY (id);


--
-- Name: users_user users_user_email_key; Type: CONSTRAINT; Schema: public; Owner: postgres
--

ALTER TABLE ONLY public.users_user
    ADD CONSTRAINT users_user_email_key UNIQUE (email);


--
-- Name: users_user_groups users_user_groups_pkey; Type: CONSTRAINT; Schema: public; Owner: postgres
--

ALTER TABLE ONLY public.users_user_groups
    ADD CONSTRAINT users_user_groups_pkey PRIMARY KEY (id);


--
-- Name: users_user_groups users_user_groups_user_id_group_id_b88eab82_uniq; Type: CONSTRAINT; Schema: public; Owner: postgres
--

ALTER TABLE ONLY public.users_user_groups
    ADD CONSTRAINT users_user_groups_user_id_group_id_b88eab82_uniq UNIQUE (user_id, group_id);


--
-- Name: users_user users_user_pkey; Type: CONSTRAINT; Schema: public; Owner: postgres
--

ALTER TABLE ONLY public.users_user
    ADD CONSTRAINT users_user_pkey PRIMARY KEY (id);


--
-- Name: users_user_user_permissions users_user_user_permissions_pkey; Type: CONSTRAINT; Schema: public; Owner: postgres
--

ALTER TABLE ONLY public.users_user_user_permissions
    ADD CONSTRAINT users_user_user_permissions_pkey PRIMARY KEY (id);


--
-- Name: users_user_user_permissions users_user_user_permissions_user_id_permission_id_43338c45_uniq; Type: CONSTRAINT; Schema: public; Owner: postgres
--

ALTER TABLE ONLY public.users_user_user_permissions
    ADD CONSTRAINT users_user_user_permissions_user_id_permission_id_43338c45_uniq UNIQUE (user_id, permission_id);


--
-- Name: users_usertoken users_usertoken_pkey; Type: CONSTRAINT; Schema: public; Owner: postgres
--

ALTER TABLE ONLY public.users_usertoken
    ADD CONSTRAINT users_usertoken_pkey PRIMARY KEY (id);


--
-- Name: users_usertoken users_usertoken_user_id_key; Type: CONSTRAINT; Schema: public; Owner: postgres
--

ALTER TABLE ONLY public.users_usertoken
    ADD CONSTRAINT users_usertoken_user_id_key UNIQUE (user_id);


--
-- Name: auth_group_name_a6ea08ec_like; Type: INDEX; Schema: public; Owner: postgres
--

CREATE INDEX auth_group_name_a6ea08ec_like ON public.auth_group USING btree (name varchar_pattern_ops);


--
-- Name: auth_group_permissions_group_id_b120cbf9; Type: INDEX; Schema: public; Owner: postgres
--

CREATE INDEX auth_group_permissions_group_id_b120cbf9 ON public.auth_group_permissions USING btree (group_id);


--
-- Name: auth_group_permissions_permission_id_84c5c92e; Type: INDEX; Schema: public; Owner: postgres
--

CREATE INDEX auth_group_permissions_permission_id_84c5c92e ON public.auth_group_permissions USING btree (permission_id);


--
-- Name: auth_permission_content_type_id_2f476e4b; Type: INDEX; Schema: public; Owner: postgres
--

CREATE INDEX auth_permission_content_type_id_2f476e4b ON public.auth_permission USING btree (content_type_id);


--
-- Name: django_admin_log_content_type_id_c4bce8eb; Type: INDEX; Schema: public; Owner: postgres
--

CREATE INDEX django_admin_log_content_type_id_c4bce8eb ON public.django_admin_log USING btree (content_type_id);


--
-- Name: django_admin_log_user_id_c564eba6; Type: INDEX; Schema: public; Owner: postgres
--

CREATE INDEX django_admin_log_user_id_c564eba6 ON public.django_admin_log USING btree (user_id);


--
-- Name: django_session_expire_date_a5c62663; Type: INDEX; Schema: public; Owner: postgres
--

CREATE INDEX django_session_expire_date_a5c62663 ON public.django_session USING btree (expire_date);


--
-- Name: django_session_session_key_c0390e0f_like; Type: INDEX; Schema: public; Owner: postgres
--

CREATE INDEX django_session_session_key_c0390e0f_like ON public.django_session USING btree (session_key varchar_pattern_ops);


--
-- Name: marketplace_book_author_id_f90299a0; Type: INDEX; Schema: public; Owner: postgres
--

CREATE INDEX marketplace_book_author_id_f90299a0 ON public.marketplace_book USING btree (author_id);


--
-- Name: marketplace_book_genre_id_c9e85792; Type: INDEX; Schema: public; Owner: postgres
--

CREATE INDEX marketplace_book_genre_id_c9e85792 ON public.marketplace_book USING btree (genre_id);


--
-- Name: marketplace_book_language_id_247c9756; Type: INDEX; Schema: public; Owner: postgres
--

CREATE INDEX marketplace_book_language_id_247c9756 ON public.marketplace_book USING btree (language_id);


--
-- Name: myBooks_booktransfer_book_id_da57cf19; Type: INDEX; Schema: public; Owner: postgres
--

CREATE INDEX "myBooks_booktransfer_book_id_da57cf19" ON public."myBooks_booktransfer" USING btree (book_id);


--
-- Name: myBooks_booktransfer_giver_user_id_3858f165; Type: INDEX; Schema: public; Owner: postgres
--

CREATE INDEX "myBooks_booktransfer_giver_user_id_3858f165" ON public."myBooks_booktransfer" USING btree (giver_user_id);


--
-- Name: myBooks_booktransfer_receiver_user_id_9a03c58b; Type: INDEX; Schema: public; Owner: postgres
--

CREATE INDEX "myBooks_booktransfer_receiver_user_id_9a03c58b" ON public."myBooks_booktransfer" USING btree (receiver_user_id);


--
-- Name: myBooks_notification_recipient_id_0f718c75; Type: INDEX; Schema: public; Owner: postgres
--

CREATE INDEX "myBooks_notification_recipient_id_0f718c75" ON public."myBooks_notification" USING btree (recipient_id);


--
-- Name: myBooks_userbook_book_id_15e8c6f4; Type: INDEX; Schema: public; Owner: postgres
--

CREATE INDEX "myBooks_userbook_book_id_15e8c6f4" ON public."myBooks_userbook" USING btree (book_id);


--
-- Name: myBooks_userbook_user_id_154c3e78; Type: INDEX; Schema: public; Owner: postgres
--

CREATE INDEX "myBooks_userbook_user_id_154c3e78" ON public."myBooks_userbook" USING btree (user_id);


--
-- Name: myBooks_wishbook_book_id_4ef53d1c; Type: INDEX; Schema: public; Owner: postgres
--

CREATE INDEX "myBooks_wishbook_book_id_4ef53d1c" ON public."myBooks_wishbook" USING btree (book_id);


--
-- Name: myBooks_wishbook_user_id_1ee6f043; Type: INDEX; Schema: public; Owner: postgres
--

CREATE INDEX "myBooks_wishbook_user_id_1ee6f043" ON public."myBooks_wishbook" USING btree (user_id);


--
-- Name: otp_static_staticdevice_user_id_7f9cff2b; Type: INDEX; Schema: public; Owner: postgres
--

CREATE INDEX otp_static_staticdevice_user_id_7f9cff2b ON public.otp_static_staticdevice USING btree (user_id);


--
-- Name: otp_static_statictoken_device_id_74b7c7d1; Type: INDEX; Schema: public; Owner: postgres
--

CREATE INDEX otp_static_statictoken_device_id_74b7c7d1 ON public.otp_static_statictoken USING btree (device_id);


--
-- Name: otp_static_statictoken_token_d0a51866; Type: INDEX; Schema: public; Owner: postgres
--

CREATE INDEX otp_static_statictoken_token_d0a51866 ON public.otp_static_statictoken USING btree (token);


--
-- Name: otp_static_statictoken_token_d0a51866_like; Type: INDEX; Schema: public; Owner: postgres
--

CREATE INDEX otp_static_statictoken_token_d0a51866_like ON public.otp_static_statictoken USING btree (token varchar_pattern_ops);


--
-- Name: otp_totp_totpdevice_user_id_0fb18292; Type: INDEX; Schema: public; Owner: postgres
--

CREATE INDEX otp_totp_totpdevice_user_id_0fb18292 ON public.otp_totp_totpdevice USING btree (user_id);


--
-- Name: token_blacklist_outstandingtoken_jti_hex_d9bdf6f7_like; Type: INDEX; Schema: public; Owner: postgres
--

CREATE INDEX token_blacklist_outstandingtoken_jti_hex_d9bdf6f7_like ON public.token_blacklist_outstandingtoken USING btree (jti varchar_pattern_ops);


--
-- Name: token_blacklist_outstandingtoken_user_id_83bc629a; Type: INDEX; Schema: public; Owner: postgres
--

CREATE INDEX token_blacklist_outstandingtoken_user_id_83bc629a ON public.token_blacklist_outstandingtoken USING btree (user_id);


--
-- Name: users_user_email_243f6e77_like; Type: INDEX; Schema: public; Owner: postgres
--

CREATE INDEX users_user_email_243f6e77_like ON public.users_user USING btree (email varchar_pattern_ops);


--
-- Name: users_user_groups_group_id_9afc8d0e; Type: INDEX; Schema: public; Owner: postgres
--

CREATE INDEX users_user_groups_group_id_9afc8d0e ON public.users_user_groups USING btree (group_id);


--
-- Name: users_user_groups_user_id_5f6f5a90; Type: INDEX; Schema: public; Owner: postgres
--

CREATE INDEX users_user_groups_user_id_5f6f5a90 ON public.users_user_groups USING btree (user_id);


--
-- Name: users_user_user_permissions_permission_id_0b93982e; Type: INDEX; Schema: public; Owner: postgres
--

CREATE INDEX users_user_user_permissions_permission_id_0b93982e ON public.users_user_user_permissions USING btree (permission_id);


--
-- Name: users_user_user_permissions_user_id_20aca447; Type: INDEX; Schema: public; Owner: postgres
--

CREATE INDEX users_user_user_permissions_user_id_20aca447 ON public.users_user_user_permissions USING btree (user_id);


--
-- Name: auth_group_permissions auth_group_permissio_permission_id_84c5c92e_fk_auth_perm; Type: FK CONSTRAINT; Schema: public; Owner: postgres
--

ALTER TABLE ONLY public.auth_group_permissions
    ADD CONSTRAINT auth_group_permissio_permission_id_84c5c92e_fk_auth_perm FOREIGN KEY (permission_id) REFERENCES public.auth_permission(id) DEFERRABLE INITIALLY DEFERRED;


--
-- Name: auth_group_permissions auth_group_permissions_group_id_b120cbf9_fk_auth_group_id; Type: FK CONSTRAINT; Schema: public; Owner: postgres
--

ALTER TABLE ONLY public.auth_group_permissions
    ADD CONSTRAINT auth_group_permissions_group_id_b120cbf9_fk_auth_group_id FOREIGN KEY (group_id) REFERENCES public.auth_group(id) DEFERRABLE INITIALLY DEFERRED;


--
-- Name: auth_permission auth_permission_content_type_id_2f476e4b_fk_django_co; Type: FK CONSTRAINT; Schema: public; Owner: postgres
--

ALTER TABLE ONLY public.auth_permission
    ADD CONSTRAINT auth_permission_content_type_id_2f476e4b_fk_django_co FOREIGN KEY (content_type_id) REFERENCES public.django_content_type(id) DEFERRABLE INITIALLY DEFERRED;


--
-- Name: django_admin_log django_admin_log_content_type_id_c4bce8eb_fk_django_co; Type: FK CONSTRAINT; Schema: public; Owner: postgres
--

ALTER TABLE ONLY public.django_admin_log
    ADD CONSTRAINT django_admin_log_content_type_id_c4bce8eb_fk_django_co FOREIGN KEY (content_type_id) REFERENCES public.django_content_type(id) DEFERRABLE INITIALLY DEFERRED;


--
-- Name: django_admin_log django_admin_log_user_id_c564eba6_fk_users_user_id; Type: FK CONSTRAINT; Schema: public; Owner: postgres
--

ALTER TABLE ONLY public.django_admin_log
    ADD CONSTRAINT django_admin_log_user_id_c564eba6_fk_users_user_id FOREIGN KEY (user_id) REFERENCES public.users_user(id) DEFERRABLE INITIALLY DEFERRED;


--
-- Name: marketplace_book marketplace_book_author_id_f90299a0_fk_marketplace_author_id; Type: FK CONSTRAINT; Schema: public; Owner: postgres
--

ALTER TABLE ONLY public.marketplace_book
    ADD CONSTRAINT marketplace_book_author_id_f90299a0_fk_marketplace_author_id FOREIGN KEY (author_id) REFERENCES public.marketplace_author(id) DEFERRABLE INITIALLY DEFERRED;


--
-- Name: marketplace_book marketplace_book_genre_id_c9e85792_fk_marketplace_genre_id; Type: FK CONSTRAINT; Schema: public; Owner: postgres
--

ALTER TABLE ONLY public.marketplace_book
    ADD CONSTRAINT marketplace_book_genre_id_c9e85792_fk_marketplace_genre_id FOREIGN KEY (genre_id) REFERENCES public.marketplace_genre(id) DEFERRABLE INITIALLY DEFERRED;


--
-- Name: marketplace_book marketplace_book_language_id_247c9756_fk_marketpla; Type: FK CONSTRAINT; Schema: public; Owner: postgres
--

ALTER TABLE ONLY public.marketplace_book
    ADD CONSTRAINT marketplace_book_language_id_247c9756_fk_marketpla FOREIGN KEY (language_id) REFERENCES public.marketplace_language(id) DEFERRABLE INITIALLY DEFERRED;


--
-- Name: marketplace_deleblemodel marketplace_deleblem_book_ptr_id_83b22d58_fk_marketpla; Type: FK CONSTRAINT; Schema: public; Owner: postgres
--

ALTER TABLE ONLY public.marketplace_deleblemodel
    ADD CONSTRAINT marketplace_deleblem_book_ptr_id_83b22d58_fk_marketpla FOREIGN KEY (book_ptr_id) REFERENCES public.marketplace_book(id) DEFERRABLE INITIALLY DEFERRED;


--
-- Name: myBooks_booktransfer myBooks_booktransfer_book_id_da57cf19_fk_marketplace_book_id; Type: FK CONSTRAINT; Schema: public; Owner: postgres
--

ALTER TABLE ONLY public."myBooks_booktransfer"
    ADD CONSTRAINT "myBooks_booktransfer_book_id_da57cf19_fk_marketplace_book_id" FOREIGN KEY (book_id) REFERENCES public.marketplace_book(id) DEFERRABLE INITIALLY DEFERRED;


--
-- Name: myBooks_booktransfer myBooks_booktransfer_giver_user_id_3858f165_fk_users_user_id; Type: FK CONSTRAINT; Schema: public; Owner: postgres
--

ALTER TABLE ONLY public."myBooks_booktransfer"
    ADD CONSTRAINT "myBooks_booktransfer_giver_user_id_3858f165_fk_users_user_id" FOREIGN KEY (giver_user_id) REFERENCES public.users_user(id) DEFERRABLE INITIALLY DEFERRED;


--
-- Name: myBooks_booktransfer myBooks_booktransfer_receiver_user_id_9a03c58b_fk_users_user_id; Type: FK CONSTRAINT; Schema: public; Owner: postgres
--

ALTER TABLE ONLY public."myBooks_booktransfer"
    ADD CONSTRAINT "myBooks_booktransfer_receiver_user_id_9a03c58b_fk_users_user_id" FOREIGN KEY (receiver_user_id) REFERENCES public.users_user(id) DEFERRABLE INITIALLY DEFERRED;


--
-- Name: myBooks_notification myBooks_notification_recipient_id_0f718c75_fk_users_user_id; Type: FK CONSTRAINT; Schema: public; Owner: postgres
--

ALTER TABLE ONLY public."myBooks_notification"
    ADD CONSTRAINT "myBooks_notification_recipient_id_0f718c75_fk_users_user_id" FOREIGN KEY (recipient_id) REFERENCES public.users_user(id) DEFERRABLE INITIALLY DEFERRED;


--
-- Name: myBooks_userbook myBooks_userbook_book_id_15e8c6f4_fk_marketplace_book_id; Type: FK CONSTRAINT; Schema: public; Owner: postgres
--

ALTER TABLE ONLY public."myBooks_userbook"
    ADD CONSTRAINT "myBooks_userbook_book_id_15e8c6f4_fk_marketplace_book_id" FOREIGN KEY (book_id) REFERENCES public.marketplace_book(id) DEFERRABLE INITIALLY DEFERRED;


--
-- Name: myBooks_userbook myBooks_userbook_user_id_154c3e78_fk_users_user_id; Type: FK CONSTRAINT; Schema: public; Owner: postgres
--

ALTER TABLE ONLY public."myBooks_userbook"
    ADD CONSTRAINT "myBooks_userbook_user_id_154c3e78_fk_users_user_id" FOREIGN KEY (user_id) REFERENCES public.users_user(id) DEFERRABLE INITIALLY DEFERRED;


--
-- Name: myBooks_wishbook myBooks_wishbook_book_id_4ef53d1c_fk_marketplace_book_id; Type: FK CONSTRAINT; Schema: public; Owner: postgres
--

ALTER TABLE ONLY public."myBooks_wishbook"
    ADD CONSTRAINT "myBooks_wishbook_book_id_4ef53d1c_fk_marketplace_book_id" FOREIGN KEY (book_id) REFERENCES public.marketplace_book(id) DEFERRABLE INITIALLY DEFERRED;


--
-- Name: myBooks_wishbook myBooks_wishbook_user_id_1ee6f043_fk_users_user_id; Type: FK CONSTRAINT; Schema: public; Owner: postgres
--

ALTER TABLE ONLY public."myBooks_wishbook"
    ADD CONSTRAINT "myBooks_wishbook_user_id_1ee6f043_fk_users_user_id" FOREIGN KEY (user_id) REFERENCES public.users_user(id) DEFERRABLE INITIALLY DEFERRED;


--
-- Name: otp_static_staticdevice otp_static_staticdevice_user_id_7f9cff2b_fk_users_user_id; Type: FK CONSTRAINT; Schema: public; Owner: postgres
--

ALTER TABLE ONLY public.otp_static_staticdevice
    ADD CONSTRAINT otp_static_staticdevice_user_id_7f9cff2b_fk_users_user_id FOREIGN KEY (user_id) REFERENCES public.users_user(id) DEFERRABLE INITIALLY DEFERRED;


--
-- Name: otp_static_statictoken otp_static_statictok_device_id_74b7c7d1_fk_otp_stati; Type: FK CONSTRAINT; Schema: public; Owner: postgres
--

ALTER TABLE ONLY public.otp_static_statictoken
    ADD CONSTRAINT otp_static_statictok_device_id_74b7c7d1_fk_otp_stati FOREIGN KEY (device_id) REFERENCES public.otp_static_staticdevice(id) DEFERRABLE INITIALLY DEFERRED;


--
-- Name: otp_totp_totpdevice otp_totp_totpdevice_user_id_0fb18292_fk_users_user_id; Type: FK CONSTRAINT; Schema: public; Owner: postgres
--

ALTER TABLE ONLY public.otp_totp_totpdevice
    ADD CONSTRAINT otp_totp_totpdevice_user_id_0fb18292_fk_users_user_id FOREIGN KEY (user_id) REFERENCES public.users_user(id) DEFERRABLE INITIALLY DEFERRED;


--
-- Name: token_blacklist_blacklistedtoken token_blacklist_blacklistedtoken_token_id_3cc7fe56_fk; Type: FK CONSTRAINT; Schema: public; Owner: postgres
--

ALTER TABLE ONLY public.token_blacklist_blacklistedtoken
    ADD CONSTRAINT token_blacklist_blacklistedtoken_token_id_3cc7fe56_fk FOREIGN KEY (token_id) REFERENCES public.token_blacklist_outstandingtoken(id) DEFERRABLE INITIALLY DEFERRED;


--
-- Name: token_blacklist_outstandingtoken token_blacklist_outs_user_id_83bc629a_fk_users_use; Type: FK CONSTRAINT; Schema: public; Owner: postgres
--

ALTER TABLE ONLY public.token_blacklist_outstandingtoken
    ADD CONSTRAINT token_blacklist_outs_user_id_83bc629a_fk_users_use FOREIGN KEY (user_id) REFERENCES public.users_user(id) DEFERRABLE INITIALLY DEFERRED;


--
-- Name: users_user_groups users_user_groups_group_id_9afc8d0e_fk_auth_group_id; Type: FK CONSTRAINT; Schema: public; Owner: postgres
--

ALTER TABLE ONLY public.users_user_groups
    ADD CONSTRAINT users_user_groups_group_id_9afc8d0e_fk_auth_group_id FOREIGN KEY (group_id) REFERENCES public.auth_group(id) DEFERRABLE INITIALLY DEFERRED;


--
-- Name: users_user_groups users_user_groups_user_id_5f6f5a90_fk_users_user_id; Type: FK CONSTRAINT; Schema: public; Owner: postgres
--

ALTER TABLE ONLY public.users_user_groups
    ADD CONSTRAINT users_user_groups_user_id_5f6f5a90_fk_users_user_id FOREIGN KEY (user_id) REFERENCES public.users_user(id) DEFERRABLE INITIALLY DEFERRED;


--
-- Name: users_user_user_permissions users_user_user_perm_permission_id_0b93982e_fk_auth_perm; Type: FK CONSTRAINT; Schema: public; Owner: postgres
--

ALTER TABLE ONLY public.users_user_user_permissions
    ADD CONSTRAINT users_user_user_perm_permission_id_0b93982e_fk_auth_perm FOREIGN KEY (permission_id) REFERENCES public.auth_permission(id) DEFERRABLE INITIALLY DEFERRED;


--
-- Name: users_user_user_permissions users_user_user_permissions_user_id_20aca447_fk_users_user_id; Type: FK CONSTRAINT; Schema: public; Owner: postgres
--

ALTER TABLE ONLY public.users_user_user_permissions
    ADD CONSTRAINT users_user_user_permissions_user_id_20aca447_fk_users_user_id FOREIGN KEY (user_id) REFERENCES public.users_user(id) DEFERRABLE INITIALLY DEFERRED;


--
-- Name: users_usertoken users_usertoken_user_id_bf4600b5_fk_users_user_id; Type: FK CONSTRAINT; Schema: public; Owner: postgres
--

ALTER TABLE ONLY public.users_usertoken
    ADD CONSTRAINT users_usertoken_user_id_bf4600b5_fk_users_user_id FOREIGN KEY (user_id) REFERENCES public.users_user(id) DEFERRABLE INITIALLY DEFERRED;


--
-- PostgreSQL database dump complete
--

